executionStartTime,executionEndTime,executionLatency,containerId,hostId,statusCode,requestResponseLatency,requestTime,responseTime,requestId,replicas,n1CpuUsage,n1MemoryUsage,cpCpuUsage,cpMemoryUsage,n3CpuUsage,n3MemoryUsage,n2CpuUsage,n2MemoryUsage,n4CpuUsage,n4MemoryUsage,functionInvocationRate,schedulingLatency
1621085073.6727755,1621085075.5199172,1.8471417427062988,835932c6-fe4c-472a-b765-a99da18a30b5,1621076756,200,2.047999858856201,1621085073.542,1621085075.59,1536c71d-95bd-49ea-bdeb-dde91fb8cedd,1,188737499n,1119240Ki,399245022n,1521500Ki,197181718n,1073044Ki,196996503n,1236764Ki,308910651n,1158688Ki,100m,0.13077545166015625
1621085076.1689084,1621085078.1802092,2.011300802230835,835932c6-fe4c-472a-b765-a99da18a30b5,1621076756,200,2.2049999237060547,1621085076.043,1621085078.248,09c8caac-aa61-45a8-ae46-fbba64a9c5e7,1,188737499n,1119240Ki,399245022n,1521500Ki,197181718n,1073044Ki,196996503n,1236764Ki,308910651n,1158688Ki,100m,0.12590837478637695
1621085078.6514335,1621085080.6883335,2.036900043487549,835932c6-fe4c-472a-b765-a99da18a30b5,1621076756,200,2.2130000591278076,1621085078.543,1621085080.756,a4f9a6c0-7b4a-471a-8b0d-1d7f97be44f8,1,188737499n,1119240Ki,399245022n,1521500Ki,197181718n,1073044Ki,196996503n,1236764Ki,308910651n,1158688Ki,300m,0.10843348503112793
1621085081.1469712,1621085083.307565,2.1605937480926514,835932c6-fe4c-472a-b765-a99da18a30b5,1621076756,200,2.3329999446868896,1621085081.042,1621085083.375,87aff00e-e015-46eb-ac91-09f6cb7fafd6,1,188737499n,1119240Ki,399245022n,1521500Ki,197181718n,1073044Ki,196996503n,1236764Ki,308910651n,1158688Ki,300m,0.10497117042541504
1621085082.8862576,1621085085.5183766,2.6321189403533936,835932c6-fe4c-472a-b765-a99da18a30b5,1621076756,200,2.8939998149871826,1621085082.709,1621085085.603,c3782a4c-fdb8-4b80-9292-5fd5aa8770c1,1,188737499n,1119240Ki,399245022n,1521500Ki,197181718n,1073044Ki,196996503n,1236764Ki,308910651n,1158688Ki,300m,0.17725753784179688
1621085084.677,1621085087.2047617,2.527761697769165,835932c6-fe4c-472a-b765-a99da18a30b5,1621076756,200,2.8990001678466797,1621085084.376,1621085087.275,2b5967ea-13c2-4a63-9a6c-6a88bffb5fdd,1,188737499n,1119240Ki,399245022n,1521500Ki,197181718n,1073044Ki,196996503n,1236764Ki,308910651n,1158688Ki,600m,0.30100011825561523
1621085086.2558813,1621085088.4276567,2.1717753410339355,835932c6-fe4c-472a-b765-a99da18a30b5,1621076756,200,2.4560000896453857,1621085086.043,1621085088.499,83023237-f77a-4f70-8983-3dfb87df5867,1,188737499n,1119240Ki,399245022n,1521500Ki,197181718n,1073044Ki,196996503n,1236764Ki,308910651n,1158688Ki,600m,0.21288132667541504
1621085087.8221464,1621085090.313537,2.4913904666900635,835932c6-fe4c-472a-b765-a99da18a30b5,1621076756,200,2.681999921798706,1621085087.71,1621085090.392,b675e686-006b-42f1-aaeb-5e07ec528924,1,188737499n,1119240Ki,399245022n,1521500Ki,197181718n,1073044Ki,196996503n,1236764Ki,308910651n,1158688Ki,500m,0.11214637756347656
1621085089.1408103,1621085091.7888336,2.6480233669281006,835932c6-fe4c-472a-b765-a99da18a30b5,1621076756,200,2.8990001678466797,1621085088.962,1621085091.861,d2d5c143-203f-4c9d-9976-cca12878be38,1,188737499n,1119240Ki,399245022n,1521500Ki,197181718n,1073044Ki,196996503n,1236764Ki,308910651n,1158688Ki,600m,0.17881035804748535
1621085090.4505172,1621085093.1870756,2.736558437347412,835932c6-fe4c-472a-b765-a99da18a30b5,1621076756,200,3.053999900817871,1621085090.21,1621085093.264,fa488a3c-5949-4f82-9a72-2b99189d912d,2,188737499n,1119240Ki,399245022n,1521500Ki,197181718n,1073044Ki,196996503n,1236764Ki,308910651n,1158688Ki,600m,0.24051713943481445
1621085091.8478441,1621085094.7730594,2.925215244293213,835932c6-fe4c-472a-b765-a99da18a30b5,1621076756,200,3.385999917984009,1621085091.46,1621085094.846,c2e808ab-1365-43ec-ba02-da1e630ebfd2,3,188737499n,1119240Ki,399245022n,1521500Ki,197181718n,1073044Ki,196996503n,1236764Ki,308910651n,1158688Ki,899m,0.3878440856933594
1621085093.0830746,1621085095.8719862,2.7889115810394287,835932c6-fe4c-472a-b765-a99da18a30b5,1621076756,200,3.2290000915527344,1621085092.711,1621085095.94,32fa7abe-31e9-4f31-b3a2-f9ce54ba2f03,3,188737499n,1119240Ki,399245022n,1521500Ki,197181718n,1073044Ki,196996503n,1236764Ki,308910651n,1158688Ki,900m,0.37207460403442383
1621085094.242125,1621085097.1092846,2.867159605026245,74ecdacf-202f-4c69-83cd-7aef1537ffb5,1621076756,200,3.135999917984009,1621085093.96,1621085097.096,710af6ad-18f5-474b-9ca9-8db371544459,3,188737499n,1119240Ki,399245022n,1521500Ki,197181718n,1073044Ki,196996503n,1236764Ki,308910651n,1158688Ki,700m,0.28212499618530273
1621085095.542226,1621085098.1901982,2.6479721069335938,74ecdacf-202f-4c69-83cd-7aef1537ffb5,1621076756,200,2.9639999866485596,1621085095.211,1621085098.175,13657de7-ff0b-47f7-94fa-069020a62091,3,188737499n,1119240Ki,399245022n,1521500Ki,197181718n,1073044Ki,196996503n,1236764Ki,308910651n,1158688Ki,700m,0.331226110458374
1621085096.4331145,1621085098.9473412,2.5142266750335693,1d16c663-d314-47aa-bc45-541608d2954d,1621076757,200,2.7220001220703125,1621085096.212,1621085098.934,b4a384d2-f01c-4198-ae63-a8a86a38144b,3,188737499n,1119240Ki,399245022n,1521500Ki,197181718n,1073044Ki,196996503n,1236764Ki,308910651n,1158688Ki,700m,0.2211146354675293
1621085097.4484217,1621085100.263566,2.8151443004608154,74ecdacf-202f-4c69-83cd-7aef1537ffb5,1621076756,200,3.0390000343322754,1621085097.212,1621085100.251,0ab6cd52-c51a-46bc-ab21-88f3d23659f1,3,188737499n,1119240Ki,399245022n,1521500Ki,197181718n,1073044Ki,196996503n,1236764Ki,308910651n,1158688Ki,999m,0.23642182350158691
1621085098.4099953,1621085101.7999854,3.3899900913238525,1d16c663-d314-47aa-bc45-541608d2954d,1621076757,200,3.577000141143799,1621085098.211,1621085101.788,270276c2-8e5a-416d-b028-338fbe838d99,3,188737499n,1119240Ki,399245022n,1521500Ki,197181718n,1073044Ki,196996503n,1236764Ki,308910651n,1158688Ki,899m,0.19899535179138184
1621085099.608332,1621085103.0906405,3.4823086261749268,1d16c663-d314-47aa-bc45-541608d2954d,1621076757,200,3.867000102996826,1621085099.212,1621085103.079,1dee6ffc-2205-4965-9b3d-e10b2b823628,3,188737499n,1119240Ki,399245022n,1521500Ki,197181718n,1073044Ki,196996503n,1236764Ki,308910651n,1158688Ki,899m,0.3963320255279541
1621085100.450066,1621085103.4886374,3.038571357727051,835932c6-fe4c-472a-b765-a99da18a30b5,1621076756,200,3.3450000286102295,1621085100.212,1621085103.557,e1ef3d94-f67f-4fb7-a63c-97482b631265,3,188737499n,1119240Ki,399245022n,1521500Ki,197181718n,1073044Ki,196996503n,1236764Ki,308910651n,1158688Ki,899m,0.2380661964416504
1621085101.43229,1621085104.6616945,3.2294044494628906,74ecdacf-202f-4c69-83cd-7aef1537ffb5,1621076756,200,3.4509999752044678,1621085101.211,1621085104.662,d55c9d87-1afb-4af8-958c-8deb5ee2e1ed,3,188737499n,1119240Ki,399245022n,1521500Ki,197181718n,1073044Ki,196996503n,1236764Ki,308910651n,1158688Ki,799m,0.22129011154174805
1621085102.4996796,1621085106.2130969,3.7134172916412354,74ecdacf-202f-4c69-83cd-7aef1537ffb5,1621076756,200,4.004000186920166,1621085102.212,1621085106.216,4b6039a8-e644-4f7f-882f-4ea91720b533,3,188737499n,1119240Ki,399245022n,1521500Ki,197181718n,1073044Ki,196996503n,1236764Ki,308910651n,1158688Ki,899m,0.28767967224121094
1621085103.5096767,1621085106.4274933,2.917816638946533,1d16c663-d314-47aa-bc45-541608d2954d,1621076757,200,3.2110002040863037,1621085103.212,1621085106.423,2acea58e-0a2c-4347-9c23-f99c57324249,3,188737499n,1119240Ki,399245022n,1521500Ki,197181718n,1073044Ki,196996503n,1236764Ki,308910651n,1158688Ki,899m,0.29767680168151855
1621085104.6884546,1621085108.506311,3.8178563117980957,74ecdacf-202f-4c69-83cd-7aef1537ffb5,1621076756,200,4.288000106811523,1621085104.212,1621085108.5,f04da4c4-0acb-49ad-a927-f8b7fe76942b,3,188737499n,1119240Ki,399245022n,1521500Ki,197181718n,1073044Ki,196996503n,1236764Ki,308910651n,1158688Ki,799m,0.4764547348022461
1621085105.65034,1621085109.3120553,3.661715269088745,74ecdacf-202f-4c69-83cd-7aef1537ffb5,1621076756,200,4.088000059127808,1621085105.211,1621085109.299,ef67ad44-0b78-4781-8d7d-73356ea3c567,3,188737499n,1119240Ki,399245022n,1521500Ki,197181718n,1073044Ki,196996503n,1236764Ki,308910651n,1158688Ki,899m,0.43934011459350586
1621085106.5874484,1621085110.6053948,4.017946481704712,1d16c663-d314-47aa-bc45-541608d2954d,1621076757,200,4.390000104904175,1621085106.217,1621085110.607,af9d2357-2dc0-4791-a6b9-a66d45253bdc,3,188737499n,1119240Ki,399245022n,1521500Ki,197181718n,1073044Ki,196996503n,1236764Ki,308910651n,1158688Ki,899m,0.37044835090637207
1621085107.4939108,1621085110.949172,3.45526123046875,1d16c663-d314-47aa-bc45-541608d2954d,1621076757,200,3.7289998531341553,1621085107.213,1621085110.942,3bba311c-f378-4216-bdc5-3be21538222b,3,188737499n,1119240Ki,399245022n,1521500Ki,197181718n,1073044Ki,196996503n,1236764Ki,308910651n,1158688Ki,899m,0.2809107303619385
1621085108.5854714,1621085111.0897555,2.504284143447876,e31fb7c2-05ff-4838-acdb-c7c3505bce62,1621076756,200,2.8510000705718994,1621085108.211,1621085111.062,a7467875-a71e-4299-9aaa-ea6abae60e1e,3,188737499n,1119240Ki,399245022n,1521500Ki,197181718n,1073044Ki,196996503n,1236764Ki,308910651n,1158688Ki,899m,0.37447142601013184
1621085109.5584893,1621085112.9173713,3.358881950378418,4f0ffe79-9fa6-4cde-9ffa-ff961c9f078c,1621076757,200,3.7260000705718994,1621085109.212,1621085112.938,996eaabd-fc9c-4fec-9c6c-1d28a4e22a84,4,188737499n,1119240Ki,399245022n,1521500Ki,197181718n,1073044Ki,196996503n,1236764Ki,308910651n,1158688Ki,899m,0.34648942947387695
1621085110.4585605,1621085112.98741,2.5288496017456055,e31fb7c2-05ff-4838-acdb-c7c3505bce62,1621076756,200,2.754000186920166,1621085110.212,1621085112.966,f0259396-76de-4200-893f-90bdd3107cec,4,188737499n,1119240Ki,399245022n,1521500Ki,197181718n,1073044Ki,196996503n,1236764Ki,308910651n,1158688Ki,899m,0.24656057357788086
1621085111.3885264,1621085114.2803993,2.8918728828430176,835932c6-fe4c-472a-b765-a99da18a30b5,1621076756,200,3.140000104904175,1621085111.211,1621085114.351,945abb5e-995b-469b-8e5c-254d90f7e5e7,5,188737499n,1119240Ki,399245022n,1521500Ki,197181718n,1073044Ki,196996503n,1236764Ki,308910651n,1158688Ki,1,0.17752647399902344
1621085112.5895379,1621085115.829623,3.2400851249694824,1d16c663-d314-47aa-bc45-541608d2954d,1621076757,200,3.618000030517578,1621085112.211,1621085115.829,181bc4c6-19f6-4cab-8b66-61a8989b4693,6,188737499n,1119240Ki,399245022n,1521500Ki,197181718n,1073044Ki,196996503n,1236764Ki,308910651n,1158688Ki,1,0.3785378932952881
1621085113.3558245,1621085116.6072593,3.251434803009033,835932c6-fe4c-472a-b765-a99da18a30b5,1621076756,200,3.4860000610351562,1621085113.211,1621085116.697,8e70edf9-3435-4401-a946-7ee88cac1d7f,6,188737499n,1119240Ki,399245022n,1521500Ki,197181718n,1073044Ki,196996503n,1236764Ki,308910651n,1158688Ki,1200m,0.14482450485229492
1621085114.5566037,1621085118.7661426,4.20953893661499,1d16c663-d314-47aa-bc45-541608d2954d,1621076757,200,4.54200005531311,1621085114.212,1621085118.754,712359a7-a8cb-44d7-9421-275c08d6e76f,6,188737499n,1119240Ki,399245022n,1521500Ki,197181718n,1073044Ki,196996503n,1236764Ki,308910651n,1158688Ki,1200m,0.3446037769317627
1621085115.6061761,1621085118.9021215,3.295945405960083,ca19d3e5-0304-4acd-aa09-8cbf6a8110e2,1621076756,200,3.67900013923645,1621085115.212,1621085118.891,b749d23d-b3f3-4db3-84ee-370e1bea036d,6,188737499n,1119240Ki,399245022n,1521500Ki,197181718n,1073044Ki,196996503n,1236764Ki,308910651n,1158688Ki,1200m,0.3941762447357178
1621085116.6575923,1621085120.419735,3.7621426582336426,1d16c663-d314-47aa-bc45-541608d2954d,1621076757,200,4.211000204086304,1621085116.212,1621085120.423,bd20e341-8325-4350-bcb8-59dedc30f780,6,188737499n,1119240Ki,399245022n,1521500Ki,197181718n,1073044Ki,196996503n,1236764Ki,308910651n,1158688Ki,899m,0.44559240341186523
1621085117.5925372,1621085121.8038375,4.211300373077393,1d16c663-d314-47aa-bc45-541608d2954d,1621076757,200,4.585000038146973,1621085117.212,1621085121.797,c8086477-8f10-4716-a471-045932a2d357,6,1780535227n,1333028Ki,1123391885n,1538656Ki,1549310390n,1091320Ki,356822111n,1243648Ki,1157093870n,1244604Ki,1200m,0.3805372714996338
1621085118.4202054,1621085122.2666633,3.8464579582214355,74ecdacf-202f-4c69-83cd-7aef1537ffb5,1621076756,200,4.039999961853027,1621085118.211,1621085122.251,3453e208-7907-4c02-83c7-972e29234d6a,6,1780535227n,1333028Ki,1123391885n,1538656Ki,1549310390n,1091320Ki,356822111n,1243648Ki,1157093870n,1244604Ki,1200m,0.20920538902282715
1621085120.688003,1621085124.079115,3.3911118507385254,e31fb7c2-05ff-4838-acdb-c7c3505bce62,1621076756,200,3.8420000076293945,1621085120.212,1621085124.054,f5530b0a-df17-487a-acfd-be8f6946389f,7,1780535227n,1333028Ki,1123391885n,1538656Ki,1549310390n,1091320Ki,356822111n,1243648Ki,1157093870n,1244604Ki,1200m,0.47600317001342773
1621085119.625177,1621085124.3340087,4.708831787109375,ca19d3e5-0304-4acd-aa09-8cbf6a8110e2,1621076756,200,5.126000165939331,1621085119.212,1621085124.338,9fb12c8e-5f55-40d3-9b3c-87e2f5776f74,7,1780535227n,1333028Ki,1123391885n,1538656Ki,1549310390n,1091320Ki,356822111n,1243648Ki,1157093870n,1244604Ki,1,0.4131770133972168
1621085121.518738,1621085125.0047553,3.4860172271728516,4f0ffe79-9fa6-4cde-9ffa-ff961c9f078c,1621076757,200,3.7809998989105225,1621085121.213,1621085124.994,70fdbfc8-9f6b-4525-93b2-126a9f5a754e,7,1780535227n,1333028Ki,1123391885n,1538656Ki,1549310390n,1091320Ki,356822111n,1243648Ki,1157093870n,1244604Ki,1,0.3057379722595215
1621085122.4704692,1621085126.2709897,3.800520420074463,ca19d3e5-0304-4acd-aa09-8cbf6a8110e2,1621076756,200,4.049000024795532,1621085122.212,1621085126.261,24fc445a-21b1-4ab9-a7d2-1705ad840507,7,1780535227n,1333028Ki,1123391885n,1538656Ki,1549310390n,1091320Ki,356822111n,1243648Ki,1157093870n,1244604Ki,1,0.2584693431854248
1621085124.5275085,1621085127.1675668,2.6400582790374756,e31fb7c2-05ff-4838-acdb-c7c3505bce62,1621076756,200,2.927000045776367,1621085124.212,1621085127.139,165527d8-519c-459e-97c2-cd1562c3fc40,8,1780535227n,1333028Ki,1123391885n,1538656Ki,1549310390n,1091320Ki,356822111n,1243648Ki,1157093870n,1244604Ki,1,0.3155086040496826
1621085123.886095,1621085127.5213916,3.635296583175659,ca19d3e5-0304-4acd-aa09-8cbf6a8110e2,1621076756,200,4.296000003814697,1621085123.212,1621085127.508,a750fbcc-d3b0-4b05-82dd-5ceaccb97bc4,9,1780535227n,1333028Ki,1123391885n,1538656Ki,1549310390n,1091320Ki,356822111n,1243648Ki,1157093870n,1244604Ki,1,0.6740951538085938
1621085125.48108,1621085128.1741056,2.693025588989258,1d16c663-d314-47aa-bc45-541608d2954d,1621076757,200,2.949000120162964,1621085125.212,1621085128.161,8f9d0b8e-5b2d-4e0c-8007-26fa93888cf0,10,1780535227n,1333028Ki,1123391885n,1538656Ki,1549310390n,1091320Ki,356822111n,1243648Ki,1157093870n,1244604Ki,1,0.26908016204833984
1621085126.622106,1621085129.266623,2.644516944885254,ca19d3e5-0304-4acd-aa09-8cbf6a8110e2,1621076756,200,3.0390000343322754,1621085126.216,1621085129.255,87d196ee-1bc3-4b0f-bc8d-0b3dc1985b71,10,1780535227n,1333028Ki,1123391885n,1538656Ki,1549310390n,1091320Ki,356822111n,1243648Ki,1157093870n,1244604Ki,1,0.40610599517822266
1621085127.575591,1621085130.0477064,2.4721152782440186,c8389d6e-ac5d-4f69-a1d9-66513ae98ea2,1621076756,200,2.8570001125335693,1621085127.212,1621085130.069,6781a24a-d2bc-4154-a4f8-d45873fe0f00,10,1780535227n,1333028Ki,1123391885n,1538656Ki,1549310390n,1091320Ki,356822111n,1243648Ki,1157093870n,1244604Ki,1100m,0.36359119415283203
1621085128.3847365,1621085130.606521,2.2217843532562256,835932c6-fe4c-472a-b765-a99da18a30b5,1621076756,200,2.4660000801086426,1621085128.211,1621085130.677,69c99200-abff-4e63-90c8-2a8de2d15723,10,1780535227n,1333028Ki,1123391885n,1538656Ki,1549310390n,1091320Ki,356822111n,1243648Ki,1157093870n,1244604Ki,1100m,0.173736572265625
1621085129.5235074,1621085131.8625631,2.3390557765960693,7fbc2f2e-df79-479a-a89a-ad807e2704a3,1621076757,200,2.639000177383423,1621085129.212,1621085131.851,506bebfb-b8cd-4d92-b020-643b5b49b5bd,10,1780535227n,1333028Ki,1123391885n,1538656Ki,1549310390n,1091320Ki,356822111n,1243648Ki,1157093870n,1244604Ki,999m,0.3115074634552002
1621085130.3837402,1621085132.8507786,2.46703839302063,c8389d6e-ac5d-4f69-a1d9-66513ae98ea2,1621076756,200,2.6619999408721924,1621085130.211,1621085132.873,f2af5245-ad15-47e1-bb04-0c4c3b75ee45,10,1780535227n,1333028Ki,1123391885n,1538656Ki,1549310390n,1091320Ki,356822111n,1243648Ki,1157093870n,1244604Ki,999m,0.17274022102355957
1621085131.4197655,1621085133.8242698,2.4045042991638184,74ecdacf-202f-4c69-83cd-7aef1537ffb5,1621076756,200,2.5970001220703125,1621085131.211,1621085133.808,ccb5862a-bcd8-4e32-b934-c77839d8642c,10,1780535227n,1333028Ki,1123391885n,1538656Ki,1549310390n,1091320Ki,356822111n,1243648Ki,1157093870n,1244604Ki,999m,0.20876550674438477
1621085132.4125814,1621085135.2132795,2.8006980419158936,1d16c663-d314-47aa-bc45-541608d2954d,1621076757,200,2.99399995803833,1621085132.211,1621085135.205,30215900-af56-462d-ae2a-2a1e1bc01ffe,10,1780535227n,1333028Ki,1123391885n,1538656Ki,1549310390n,1091320Ki,356822111n,1243648Ki,1157093870n,1244604Ki,900m,0.20158147811889648
1621085133.4966905,1621085136.0063918,2.5097012519836426,e31fb7c2-05ff-4838-acdb-c7c3505bce62,1621076756,200,2.7669999599456787,1621085133.211,1621085135.978,81c49924-599e-4843-aa4e-aab99dae2f48,10,1780535227n,1333028Ki,1123391885n,1538656Ki,1549310390n,1091320Ki,356822111n,1243648Ki,1157093870n,1244604Ki,900m,0.2856905460357666
1621085134.4810536,1621085137.8634923,3.3824386596679688,c97538be-6332-4ad0-a9b2-3acd0bd9d119,1621076756,200,3.6520001888275146,1621085134.212,1621085137.864,089d18e2-2af6-4fd5-9800-8f4bede4700e,10,1780535227n,1333028Ki,1123391885n,1538656Ki,1549310390n,1091320Ki,356822111n,1243648Ki,1157093870n,1244604Ki,999m,0.26905369758605957
1621085135.5468078,1621085138.6745908,3.1277830600738525,4630205d-cea4-4b3c-8724-4107d781dff5,1621076756,200,3.440000057220459,1621085135.212,1621085138.652,c26493d5-b81e-4d52-abad-8e567eb304fc,10,1780535227n,1333028Ki,1123391885n,1538656Ki,1549310390n,1091320Ki,356822111n,1243648Ki,1157093870n,1244604Ki,999m,0.3348078727722168
1621085136.513067,1621085139.9509292,3.4378621578216553,ca19d3e5-0304-4acd-aa09-8cbf6a8110e2,1621076756,200,3.7300000190734863,1621085136.212,1621085139.942,6981d982-974e-4220-af3c-a2c2a8ec23a0,10,1780535227n,1333028Ki,1123391885n,1538656Ki,1549310390n,1091320Ki,356822111n,1243648Ki,1157093870n,1244604Ki,899m,0.3010671138763428
1621085137.4987025,1621085141.007013,3.508310556411743,835932c6-fe4c-472a-b765-a99da18a30b5,1621076756,200,3.865000009536743,1621085137.212,1621085141.077,94b81585-c131-4bdd-a4f8-482b25456f50,10,1780535227n,1333028Ki,1123391885n,1538656Ki,1549310390n,1091320Ki,356822111n,1243648Ki,1157093870n,1244604Ki,899m,0.28670263290405273
1621085138.402058,1621085141.4961872,3.0941293239593506,835932c6-fe4c-472a-b765-a99da18a30b5,1621076756,200,3.3530001640319824,1621085138.212,1621085141.565,000d4c43-c259-4eb8-9f6c-e99e366e732d,10,1780535227n,1333028Ki,1123391885n,1538656Ki,1549310390n,1091320Ki,356822111n,1243648Ki,1157093870n,1244604Ki,899m,0.19005799293518066
1621085139.6267705,1621085142.6026914,2.9759209156036377,ca19d3e5-0304-4acd-aa09-8cbf6a8110e2,1621076756,200,3.376000165939331,1621085139.212,1621085142.588,a2a16314-40ee-4540-83ce-304855a3921e,10,1780535227n,1333028Ki,1123391885n,1538656Ki,1549310390n,1091320Ki,356822111n,1243648Ki,1157093870n,1244604Ki,900m,0.41477060317993164
1621085140.4462316,1621085143.7905638,3.344332218170166,7fbc2f2e-df79-479a-a89a-ad807e2704a3,1621076757,200,3.572000026702881,1621085140.212,1621085143.784,af113ede-fbe4-4756-8e97-636de988d51b,10,1780535227n,1333028Ki,1123391885n,1538656Ki,1549310390n,1091320Ki,356822111n,1243648Ki,1157093870n,1244604Ki,900m,0.23423171043395996
1621085141.6545362,1621085145.434996,3.7804596424102783,7fbc2f2e-df79-479a-a89a-ad807e2704a3,1621076757,200,4.200999975204468,1621085141.231,1621085145.432,a8dc3541-0ef2-4d7c-8d05-cda571c0ebf6,10,1780535227n,1333028Ki,1123391885n,1538656Ki,1549310390n,1091320Ki,356822111n,1243648Ki,1157093870n,1244604Ki,1099m,0.4235363006591797
1621085142.5039399,1621085146.1852925,3.6813526153564453,4f0ffe79-9fa6-4cde-9ffa-ff961c9f078c,1621076757,200,3.9620001316070557,1621085142.212,1621085146.174,7d3e178a-26a7-4fca-82e7-583b3a0d5598,10,1780535227n,1333028Ki,1123391885n,1538656Ki,1549310390n,1091320Ki,356822111n,1243648Ki,1157093870n,1244604Ki,1100m,0.29193997383117676
1621085143.3916485,1621085146.5043275,3.1126790046691895,835932c6-fe4c-472a-b765-a99da18a30b5,1621076756,200,3.3600001335144043,1621085143.212,1621085146.572,be4d4d10-33f9-4440-9a85-c919c378e9ea,10,1780535227n,1333028Ki,1123391885n,1538656Ki,1549310390n,1091320Ki,356822111n,1243648Ki,1157093870n,1244604Ki,1099m,0.17964863777160645
1621085144.44384,1621085147.5603242,3.1164841651916504,c8389d6e-ac5d-4f69-a1d9-66513ae98ea2,1621076756,200,3.371000051498413,1621085144.212,1621085147.583,345b7211-95d5-49b8-9397-15c2c5673ed0,10,1780535227n,1333028Ki,1123391885n,1538656Ki,1549310390n,1091320Ki,356822111n,1243648Ki,1157093870n,1244604Ki,1100m,0.2318401336669922
1621085145.5867019,1621085148.4067705,2.820068597793579,e31fb7c2-05ff-4838-acdb-c7c3505bce62,1621076756,200,3.1660001277923584,1621085145.212,1621085148.378,609b54f5-36da-4e58-9073-07375a927d31,10,1780535227n,1333028Ki,1123391885n,1538656Ki,1549310390n,1091320Ki,356822111n,1243648Ki,1157093870n,1244604Ki,1100m,0.37470197677612305
1621085146.5207083,1621085149.5632849,3.042576551437378,1d16c663-d314-47aa-bc45-541608d2954d,1621076757,200,3.3430001735687256,1621085146.212,1621085149.555,40a1ac0d-1942-47c1-aa67-f4bb5fb54b85,10,1780535227n,1333028Ki,1123391885n,1538656Ki,1549310390n,1091320Ki,356822111n,1243648Ki,1157093870n,1244604Ki,1,0.30870842933654785
1621085147.4741504,1621085150.4772935,3.003143072128296,1d16c663-d314-47aa-bc45-541608d2954d,1621076757,200,3.255000114440918,1621085147.211,1621085150.466,396456b2-765e-4a2d-b575-1fdb8e4bedd8,10,1780535227n,1333028Ki,1123391885n,1538656Ki,1549310390n,1091320Ki,356822111n,1243648Ki,1157093870n,1244604Ki,1,0.2631504535675049
1621085148.5626702,1621085151.217974,2.655303716659546,ca19d3e5-0304-4acd-aa09-8cbf6a8110e2,1621076756,200,2.990000009536743,1621085148.212,1621085151.202,9bfa774e-1ecd-42cd-a67d-4ee39dea1304,10,1780535227n,1333028Ki,1123391885n,1538656Ki,1549310390n,1091320Ki,356822111n,1243648Ki,1157093870n,1244604Ki,1,0.35067033767700195
1621085149.5452945,1621085152.4648826,2.919588088989258,7fbc2f2e-df79-479a-a89a-ad807e2704a3,1621076757,200,3.264000177383423,1621085149.212,1621085152.476,98617e68-03ed-49e2-b6e0-3280dd2bdf39,10,1780535227n,1333028Ki,1123391885n,1538656Ki,1549310390n,1091320Ki,356822111n,1243648Ki,1157093870n,1244604Ki,1200m,0.3332946300506592
1621085150.4505928,1621085153.0066974,2.5561046600341797,4630205d-cea4-4b3c-8724-4107d781dff5,1621076756,200,2.7700002193450928,1621085150.212,1621085152.982,4bd15a3f-02a0-472f-a1b3-2cdfc456cf91,10,1780535227n,1333028Ki,1123391885n,1538656Ki,1549310390n,1091320Ki,356822111n,1243648Ki,1157093870n,1244604Ki,1200m,0.23859286308288574
1621085151.4744875,1621085154.1390672,2.6645796298980713,4f0ffe79-9fa6-4cde-9ffa-ff961c9f078c,1621076757,200,2.9170000553131104,1621085151.211,1621085154.128,753328d7-1efa-4957-ae48-10f65834dbc0,10,1780535227n,1333028Ki,1123391885n,1538656Ki,1549310390n,1091320Ki,356822111n,1243648Ki,1157093870n,1244604Ki,1200m,0.2634875774383545
1621085152.5127437,1621085155.6108644,3.09812068939209,ca19d3e5-0304-4acd-aa09-8cbf6a8110e2,1621076756,200,3.384000062942505,1621085152.211,1621085155.595,afffa733-2a86-4994-8179-87c8ea24b84c,10,1780535227n,1333028Ki,1123391885n,1538656Ki,1549310390n,1091320Ki,356822111n,1243648Ki,1157093870n,1244604Ki,999m,0.301743745803833
1621085153.6109416,1621085156.6577966,3.0468549728393555,ca19d3e5-0304-4acd-aa09-8cbf6a8110e2,1621076756,200,3.430000066757202,1621085153.212,1621085156.642,5a8f6d08-b6b3-4763-a0b9-19195e9ad240,10,1780535227n,1333028Ki,1123391885n,1538656Ki,1549310390n,1091320Ki,356822111n,1243648Ki,1157093870n,1244604Ki,799m,0.3989417552947998
1621085154.503014,1621085157.237981,2.734966993331909,4f0ffe79-9fa6-4cde-9ffa-ff961c9f078c,1621076757,200,3.0220000743865967,1621085154.212,1621085157.234,aae79c1c-1c43-4fdc-b0c6-1f578af367b5,10,1780535227n,1333028Ki,1123391885n,1538656Ki,1549310390n,1091320Ki,356822111n,1243648Ki,1157093870n,1244604Ki,799m,0.2910141944885254
1621085155.6883,1621085158.7791207,3.090820789337158,ca19d3e5-0304-4acd-aa09-8cbf6a8110e2,1621076756,200,3.555000066757202,1621085155.212,1621085158.767,fa34f7b2-820e-468e-a2f6-b34aef2b195b,10,1780535227n,1333028Ki,1123391885n,1538656Ki,1549310390n,1091320Ki,356822111n,1243648Ki,1157093870n,1244604Ki,799m,0.4763000011444092
1621085156.4523246,1621085159.3981879,2.9458632469177246,e31fb7c2-05ff-4838-acdb-c7c3505bce62,1621076756,200,3.1589999198913574,1621085156.211,1621085159.37,041fd4ad-f83f-4d21-8d95-a453cea365a0,10,1780535227n,1333028Ki,1123391885n,1538656Ki,1549310390n,1091320Ki,356822111n,1243648Ki,1157093870n,1244604Ki,1,0.24132466316223145
1621085157.5253937,1621085160.3870995,2.861705780029297,ca19d3e5-0304-4acd-aa09-8cbf6a8110e2,1621076756,200,3.1650002002716064,1621085157.212,1621085160.377,a18d78ad-98b6-429b-8f01-328e7a9faf4f,10,1780535227n,1333028Ki,1123391885n,1538656Ki,1549310390n,1091320Ki,356822111n,1243648Ki,1157093870n,1244604Ki,1100m,0.31339383125305176
1621085158.488202,1621085161.514527,3.026324987411499,c8389d6e-ac5d-4f69-a1d9-66513ae98ea2,1621076756,200,3.327000141143799,1621085158.212,1621085161.539,fa021669-01d4-41e2-b963-adf273bc4b1e,10,1780535227n,1333028Ki,1123391885n,1538656Ki,1549310390n,1091320Ki,356822111n,1243648Ki,1157093870n,1244604Ki,1100m,0.2762022018432617
1621085159.5159264,1621085162.1130393,2.5971128940582275,e31fb7c2-05ff-4838-acdb-c7c3505bce62,1621076756,200,2.874000072479248,1621085159.212,1621085162.086,f6256bc5-1796-41e0-b93d-c19e02ba0c79,10,1780535227n,1333028Ki,1123391885n,1538656Ki,1549310390n,1091320Ki,356822111n,1243648Ki,1157093870n,1244604Ki,899m,0.3039264678955078
1621085160.5045447,1621085162.960574,2.456029176712036,4630205d-cea4-4b3c-8724-4107d781dff5,1621076756,200,2.7230000495910645,1621085160.211,1621085162.934,2caf78c8-c13a-4eef-b34d-e8a9bebecb26,10,1780535227n,1333028Ki,1123391885n,1538656Ki,1549310390n,1091320Ki,356822111n,1243648Ki,1157093870n,1244604Ki,899m,0.2935447692871094
1621085161.4876025,1621085164.144928,2.657325506210327,c8389d6e-ac5d-4f69-a1d9-66513ae98ea2,1621076756,200,2.955000162124634,1621085161.212,1621085164.167,02fad54b-a1d0-475d-8287-bae96f63fecb,10,1780535227n,1333028Ki,1123391885n,1538656Ki,1549310390n,1091320Ki,356822111n,1243648Ki,1157093870n,1244604Ki,899m,0.2756025791168213
1621085162.439084,1621085165.2184293,2.7793452739715576,4f0ffe79-9fa6-4cde-9ffa-ff961c9f078c,1621076757,200,2.995000123977661,1621085162.212,1621085165.207,e764b1c9-bfaa-422e-8f81-6b08745d71ba,10,1780535227n,1333028Ki,1123391885n,1538656Ki,1549310390n,1091320Ki,356822111n,1243648Ki,1157093870n,1244604Ki,1100m,0.22708415985107422
1621085163.4925768,1621085166.2248747,2.732297897338867,4f0ffe79-9fa6-4cde-9ffa-ff961c9f078c,1621076757,200,3.004000186920166,1621085163.212,1621085166.216,fc01ee86-e8cd-4d80-b4df-826a4fb95cd9,10,1780535227n,1333028Ki,1123391885n,1538656Ki,1549310390n,1091320Ki,356822111n,1243648Ki,1157093870n,1244604Ki,1100m,0.2805769443511963
1621085164.367835,1621085166.9789948,2.6111598014831543,835932c6-fe4c-472a-b765-a99da18a30b5,1621076756,200,2.8350000381469727,1621085164.212,1621085167.047,5fcc5d9c-eeb2-4eb7-b45a-24addb379281,10,1780535227n,1333028Ki,1123391885n,1538656Ki,1549310390n,1091320Ki,356822111n,1243648Ki,1157093870n,1244604Ki,1,0.15583515167236328
1621085165.4831538,1621085168.0976105,2.6144566535949707,4630205d-cea4-4b3c-8724-4107d781dff5,1621076756,200,2.8560001850128174,1621085165.212,1621085168.068,9453fffd-d43d-41eb-b9d4-faa655de8138,10,1780535227n,1333028Ki,1123391885n,1538656Ki,1549310390n,1091320Ki,356822111n,1243648Ki,1157093870n,1244604Ki,1,0.27115392684936523
1621085166.4663377,1621085169.180198,2.713860273361206,c97538be-6332-4ad0-a9b2-3acd0bd9d119,1621076756,200,2.953000068664551,1621085166.212,1621085169.165,7138151b-b451-433d-8ea9-3c1517d5226e,10,1780535227n,1333028Ki,1123391885n,1538656Ki,1549310390n,1091320Ki,356822111n,1243648Ki,1157093870n,1244604Ki,1,0.25433778762817383
1621085167.4872751,1621085169.9815204,2.4942452907562256,e31fb7c2-05ff-4838-acdb-c7c3505bce62,1621076756,200,2.740000009536743,1621085167.211,1621085169.951,22065e23-9324-4fdd-9b9d-35594d95e972,10,1780535227n,1333028Ki,1123391885n,1538656Ki,1549310390n,1091320Ki,356822111n,1243648Ki,1157093870n,1244604Ki,999m,0.2762751579284668
1621085168.423023,1621085170.9668536,2.543830633163452,835932c6-fe4c-472a-b765-a99da18a30b5,1621076756,200,2.822000026702881,1621085168.211,1621085171.033,f7be6216-feed-49c9-9a2d-570b8eefc17f,10,1780535227n,1333028Ki,1123391885n,1538656Ki,1549310390n,1091320Ki,356822111n,1243648Ki,1157093870n,1244604Ki,999m,0.21202301979064941
1621085169.5244818,1621085171.8786664,2.354184627532959,4630205d-cea4-4b3c-8724-4107d781dff5,1621076756,200,2.636000156402588,1621085169.212,1621085171.848,34abeb8a-a723-49b4-a9d8-bac382b008e3,10,1780535227n,1333028Ki,1123391885n,1538656Ki,1549310390n,1091320Ki,356822111n,1243648Ki,1157093870n,1244604Ki,999m,0.3124818801879883
1621085170.4282565,1621085173.0086558,2.58039927482605,c8389d6e-ac5d-4f69-a1d9-66513ae98ea2,1621076756,200,2.827000141143799,1621085170.211,1621085173.038,ad95ac0b-b85d-4142-a021-0953fbbfdd06,10,1780535227n,1333028Ki,1123391885n,1538656Ki,1549310390n,1091320Ki,356822111n,1243648Ki,1157093870n,1244604Ki,999m,0.2172565460205078
1621085171.48005,1621085174.211126,2.7310760021209717,c8389d6e-ac5d-4f69-a1d9-66513ae98ea2,1621076756,200,3.0240001678466797,1621085171.212,1621085174.236,0ef2e4a6-4aeb-464e-aadd-609c4cb642ba,10,1780535227n,1333028Ki,1123391885n,1538656Ki,1549310390n,1091320Ki,356822111n,1243648Ki,1157093870n,1244604Ki,999m,0.2680501937866211
1621085172.415428,1621085175.2271008,2.8116729259490967,7fbc2f2e-df79-479a-a89a-ad807e2704a3,1621076757,200,3.005000114440918,1621085172.211,1621085175.216,c3234595-61cc-4197-953d-dd85e981e729,10,1780535227n,1333028Ki,1123391885n,1538656Ki,1549310390n,1091320Ki,356822111n,1243648Ki,1157093870n,1244604Ki,800m,0.20442795753479004
1621085173.459778,1621085177.0177438,3.5579657554626465,ca19d3e5-0304-4acd-aa09-8cbf6a8110e2,1621076756,200,3.81000018119812,1621085173.212,1621085177.022,3b6e6e67-1d85-4fce-abc7-c3bad6ab2a2f,10,1780535227n,1333028Ki,1123391885n,1538656Ki,1549310390n,1091320Ki,356822111n,1243648Ki,1157093870n,1244604Ki,1100m,0.24777817726135254
1621085174.592575,1621085177.9094582,3.316883087158203,c97538be-6332-4ad0-a9b2-3acd0bd9d119,1621076756,200,3.680999994277954,1621085174.212,1621085177.893,891d4feb-65f0-4f77-af27-6f96ca0cf4ce,10,1780535227n,1333028Ki,1123391885n,1538656Ki,1549310390n,1091320Ki,356822111n,1243648Ki,1157093870n,1244604Ki,1100m,0.38057518005371094
1621085175.556584,1621085179.075007,3.518423080444336,74ecdacf-202f-4c69-83cd-7aef1537ffb5,1621076756,200,3.8500001430511475,1621085175.212,1621085179.062,9a35ec65-58c4-463d-a6f4-666558bdf28f,10,1780535227n,1333028Ki,1123391885n,1538656Ki,1549310390n,1091320Ki,356822111n,1243648Ki,1157093870n,1244604Ki,1100m,0.34458398818969727
1621085176.3930736,1621085179.5391335,3.146059989929199,c8389d6e-ac5d-4f69-a1d9-66513ae98ea2,1621076756,200,3.3510000705718994,1621085176.212,1621085179.563,2e1d49f1-c39a-4fbb-b2be-68f65311a201,10,1780535227n,1333028Ki,1123391885n,1538656Ki,1549310390n,1091320Ki,356822111n,1243648Ki,1157093870n,1244604Ki,1100m,0.18107366561889648
1621085177.4979386,1621085180.701551,3.2036123275756836,1d16c663-d314-47aa-bc45-541608d2954d,1621076757,200,3.50600004196167,1621085177.212,1621085180.718,d924c0ba-a314-4d41-8cc1-10a4a483a0c1,10,1780535227n,1333028Ki,1123391885n,1538656Ki,1549310390n,1091320Ki,356822111n,1243648Ki,1157093870n,1244604Ki,900m,0.28593873977661133
1621085178.45117,1621085181.6852038,3.2340338230133057,7fbc2f2e-df79-479a-a89a-ad807e2704a3,1621076757,200,3.4640002250671387,1621085178.212,1621085181.676,a0b55f80-0274-429b-8c2e-a7477fe61c9f,10,648218992n,1253220Ki,1390094235n,1629012Ki,472712308n,1109100Ki,923206553n,1332704Ki,624452094n,1156680Ki,899m,0.23917007446289062
1621085179.5396376,1621085182.3491156,2.8094780445098877,74ecdacf-202f-4c69-83cd-7aef1537ffb5,1621076756,200,3.119000196456909,1621085179.212,1621085182.331,ee727773-719f-4b7c-bd7d-2279d3bec715,10,648218992n,1253220Ki,1390094235n,1629012Ki,472712308n,1109100Ki,923206553n,1332704Ki,624452094n,1156680Ki,899m,0.3276376724243164
1621085180.6341412,1621085183.6481898,3.0140485763549805,7fbc2f2e-df79-479a-a89a-ad807e2704a3,1621076757,200,3.42900013923645,1621085180.211,1621085183.64,792fec6c-2d58-46dd-a35a-a5bb9551cc0a,10,648218992n,1253220Ki,1390094235n,1629012Ki,472712308n,1109100Ki,923206553n,1332704Ki,624452094n,1156680Ki,899m,0.4231412410736084
1621085181.4208577,1621085184.118977,2.6981194019317627,c8389d6e-ac5d-4f69-a1d9-66513ae98ea2,1621076756,200,2.930000066757202,1621085181.211,1621085184.141,94cf1482-c84b-40a3-a80e-5c1ae8278641,10,648218992n,1253220Ki,1390094235n,1629012Ki,472712308n,1109100Ki,923206553n,1332704Ki,624452094n,1156680Ki,899m,0.20985770225524902
1621085182.5086575,1621085185.5774162,3.068758726119995,1d16c663-d314-47aa-bc45-541608d2954d,1621076757,200,3.361999988555908,1621085182.212,1621085185.574,c643d139-f133-4832-bdbd-5ba80150abbb,10,648218992n,1253220Ki,1390094235n,1629012Ki,472712308n,1109100Ki,923206553n,1332704Ki,624452094n,1156680Ki,1199m,0.2966575622558594
1621085183.5348585,1621085186.6211963,3.0863378047943115,c97538be-6332-4ad0-a9b2-3acd0bd9d119,1621076756,200,3.3910000324249268,1621085183.212,1621085186.603,aab8a568-a3ed-4031-894f-17f8079353c0,10,648218992n,1253220Ki,1390094235n,1629012Ki,472712308n,1109100Ki,923206553n,1332704Ki,624452094n,1156680Ki,1199m,0.3228585720062256
1621085184.3891263,1621085187.2822654,2.893139123916626,835932c6-fe4c-472a-b765-a99da18a30b5,1621076756,200,3.1389999389648438,1621085184.211,1621085187.35,e60328da-6838-4fcd-aecf-a8fd61b0e701,10,648218992n,1253220Ki,1390094235n,1629012Ki,472712308n,1109100Ki,923206553n,1332704Ki,624452094n,1156680Ki,1,0.17812633514404297
1621085185.54434,1621085188.3223734,2.778033494949341,4630205d-cea4-4b3c-8724-4107d781dff5,1621076756,200,3.0810000896453857,1621085185.212,1621085188.293,d0366126-af7c-4eb6-8fe5-6b54c82893e6,10,648218992n,1253220Ki,1390094235n,1629012Ki,472712308n,1109100Ki,923206553n,1332704Ki,624452094n,1156680Ki,1,0.3323400020599365
1621085186.416907,1621085189.1371734,2.720266342163086,835932c6-fe4c-472a-b765-a99da18a30b5,1621076756,200,2.992000102996826,1621085186.212,1621085189.204,f606c4e0-b21c-45d2-8326-df8c47d9866c,10,648218992n,1253220Ki,1390094235n,1629012Ki,472712308n,1109100Ki,923206553n,1332704Ki,624452094n,1156680Ki,1,0.20490717887878418
1621085187.518453,1621085190.552062,3.03360915184021,7fbc2f2e-df79-479a-a89a-ad807e2704a3,1621076757,200,3.3390002250671387,1621085187.212,1621085190.551,86314fcc-b510-4c98-8772-bf8b45c8c7a7,10,648218992n,1253220Ki,1390094235n,1629012Ki,472712308n,1109100Ki,923206553n,1332704Ki,624452094n,1156680Ki,1100m,0.30645298957824707
1621085188.4634519,1621085191.375034,2.9115822315216064,c8389d6e-ac5d-4f69-a1d9-66513ae98ea2,1621076756,200,3.199000120162964,1621085188.212,1621085191.411,db0274cd-b397-4244-879b-ed2f41f63be7,10,648218992n,1253220Ki,1390094235n,1629012Ki,472712308n,1109100Ki,923206553n,1332704Ki,624452094n,1156680Ki,1100m,0.2514519691467285
1621085189.4951518,1621085192.757601,3.262449264526367,ca19d3e5-0304-4acd-aa09-8cbf6a8110e2,1621076756,200,3.5450000762939453,1621085189.211,1621085192.756,f8b6b306-a252-40c9-b4a3-d35a735bd14f,10,648218992n,1253220Ki,1390094235n,1629012Ki,472712308n,1109100Ki,923206553n,1332704Ki,624452094n,1156680Ki,1100m,0.2841517925262451
1621085190.5390155,1621085193.8787384,3.3397228717803955,835932c6-fe4c-472a-b765-a99da18a30b5,1621076756,200,3.739000082015991,1621085190.214,1621085193.953,03f7621b-1740-4b77-8046-fbe6fa7c8b06,10,648218992n,1253220Ki,1390094235n,1629012Ki,472712308n,1109100Ki,923206553n,1332704Ki,624452094n,1156680Ki,1100m,0.3250155448913574
1621085191.5616338,1621085194.7551806,3.193546772003174,835932c6-fe4c-472a-b765-a99da18a30b5,1621076756,200,3.617000102996826,1621085191.212,1621085194.829,0eb47b8d-4d2e-47e3-95c5-d0ed68549d8b,10,648218992n,1253220Ki,1390094235n,1629012Ki,472712308n,1109100Ki,923206553n,1332704Ki,624452094n,1156680Ki,800m,0.34963393211364746
1621085192.4977646,1621085195.6158333,3.1180686950683594,e31fb7c2-05ff-4838-acdb-c7c3505bce62,1621076756,200,3.4010000228881836,1621085192.211,1621085195.612,5a11bc92-a962-4d6f-989e-4dd8d648d175,10,648218992n,1253220Ki,1390094235n,1629012Ki,472712308n,1109100Ki,923206553n,1332704Ki,624452094n,1156680Ki,800m,0.28676462173461914
1621085193.489355,1621085198.0363016,4.5469465255737305,4f0ffe79-9fa6-4cde-9ffa-ff961c9f078c,1621076757,200,4.838000059127808,1621085193.212,1621085198.05,25899d3f-70c7-4c09-bea7-d2011ed91509,10,648218992n,1253220Ki,1390094235n,1629012Ki,472712308n,1109100Ki,923206553n,1332704Ki,624452094n,1156680Ki,1099m,0.2773551940917969
1621085194.478627,1621085199.1480238,4.669396877288818,c8389d6e-ac5d-4f69-a1d9-66513ae98ea2,1621076756,200,4.962000131607056,1621085194.212,1621085199.174,affc6451-1439-4322-afad-89c06d4aa1c5,10,648218992n,1253220Ki,1390094235n,1629012Ki,472712308n,1109100Ki,923206553n,1332704Ki,624452094n,1156680Ki,1099m,0.26662707328796387
1621085195.6349607,1621085200.5555856,4.9206249713897705,1d16c663-d314-47aa-bc45-541608d2954d,1621076757,200,5.3440001010894775,1621085195.212,1621085200.556,848cf68b-72c9-4e6c-a082-5dce29a84270,10,648218992n,1253220Ki,1390094235n,1629012Ki,472712308n,1109100Ki,923206553n,1332704Ki,624452094n,1156680Ki,899m,0.4229607582092285
1621085196.673295,1621085201.117772,4.444477081298828,4630205d-cea4-4b3c-8724-4107d781dff5,1621076756,200,4.884999990463257,1621085196.212,1621085201.097,8d064be8-97e5-4718-b63f-0b790d3ea348,11,648218992n,1253220Ki,1390094235n,1629012Ki,472712308n,1109100Ki,923206553n,1332704Ki,624452094n,1156680Ki,899m,0.46129512786865234
1621085198.6956482,1621085203.3467605,4.65111231803894,ca19d3e5-0304-4acd-aa09-8cbf6a8110e2,1621076756,200,5.152000188827515,1621085198.212,1621085203.364,bb36030c-8154-4fb3-bf6f-0726b9b8138c,11,648218992n,1253220Ki,1390094235n,1629012Ki,472712308n,1109100Ki,923206553n,1332704Ki,624452094n,1156680Ki,899m,0.48364830017089844
1621085197.604308,1621085203.2201278,5.615819931030273,835932c6-fe4c-472a-b765-a99da18a30b5,1621076756,200,6.0950000286102295,1621085197.212,1621085203.307,7597f04a-1536-4798-a801-7d1510d1daaa,11,648218992n,1253220Ki,1390094235n,1629012Ki,472712308n,1109100Ki,923206553n,1332704Ki,624452094n,1156680Ki,899m,0.39230799674987793
1621085199.6839871,1621085205.0358427,5.351855516433716,1d16c663-d314-47aa-bc45-541608d2954d,1621076757,200,5.8440001010894775,1621085199.212,1621085205.056,27e34ffa-2af6-4042-bfab-f35ad0821a26,11,648218992n,1253220Ki,1390094235n,1629012Ki,472712308n,1109100Ki,923206553n,1332704Ki,624452094n,1156680Ki,1099m,0.471987247467041
1621085200.781646,1621085205.611732,4.83008599281311,4f0ffe79-9fa6-4cde-9ffa-ff961c9f078c,1621076757,200,5.396000146865845,1621085200.212,1621085205.608,66a9b6f5-aa95-42ec-8343-f7006d3fd597,11,648218992n,1253220Ki,1390094235n,1629012Ki,472712308n,1109100Ki,923206553n,1332704Ki,624452094n,1156680Ki,1099m,0.5696461200714111
1621085202.0186598,1621085207.5851984,5.566538572311401,835932c6-fe4c-472a-b765-a99da18a30b5,1621076756,200,6.486999988555908,1621085201.212,1621085207.699,601ea1de-ed73-4efa-bb11-e3fce5285adb,11,648218992n,1253220Ki,1390094235n,1629012Ki,472712308n,1109100Ki,923206553n,1332704Ki,624452094n,1156680Ki,999m,0.8066599369049072
1621085203.6591513,1621085208.9752083,5.316056966781616,c8389d6e-ac5d-4f69-a1d9-66513ae98ea2,1621076756,200,5.789999961853027,1621085203.216,1621085209.006,12e5deed-be7d-4ecc-8ff2-c143d9051a7d,11,648218992n,1253220Ki,1390094235n,1629012Ki,472712308n,1109100Ki,923206553n,1332704Ki,624452094n,1156680Ki,999m,0.44315123558044434
1621085204.7028692,1621085209.9316378,5.228768587112427,4630205d-cea4-4b3c-8724-4107d781dff5,1621076756,200,5.708000183105469,1621085204.212,1621085209.92,9427b9c0-6e61-4585-8b84-83bfee5adbe4,11,648218992n,1253220Ki,1390094235n,1629012Ki,472712308n,1109100Ki,923206553n,1332704Ki,624452094n,1156680Ki,1099m,0.49086928367614746
1621085202.7632623,1621085210.0175273,7.254265069961548,ca19d3e5-0304-4acd-aa09-8cbf6a8110e2,1621076756,200,7.825000047683716,1621085202.212,1621085210.037,f57357bc-9a31-4fee-af52-78f34a6461e8,11,648218992n,1253220Ki,1390094235n,1629012Ki,472712308n,1109100Ki,923206553n,1332704Ki,624452094n,1156680Ki,1099m,0.551262378692627
1621085205.814354,1621085213.199092,7.384737968444824,ca19d3e5-0304-4acd-aa09-8cbf6a8110e2,1621076756,200,7.934000015258789,1621085205.253,1621085213.187,c1f39907-c064-4e5d-bf7a-8d40059f2084,11,648218992n,1253220Ki,1390094235n,1629012Ki,472712308n,1109100Ki,923206553n,1332704Ki,624452094n,1156680Ki,1199m,0.5613539218902588
1621085207.1423602,1621085213.346463,6.2041027545928955,74ecdacf-202f-4c69-83cd-7aef1537ffb5,1621076756,200,7.105000019073486,1621085206.231,1621085213.336,f3957832-f166-4520-b6c0-6f6012632dcd,11,648218992n,1253220Ki,1390094235n,1629012Ki,472712308n,1109100Ki,923206553n,1332704Ki,624452094n,1156680Ki,1199m,0.9113602638244629
1621085209.6456995,1621085214.510734,4.865034580230713,4630205d-cea4-4b3c-8724-4107d781dff5,1621076756,200,5.317000150680542,1621085209.212,1621085214.529,bce82973-1cb0-436a-b6b8-64763aa9881a,11,648218992n,1253220Ki,1390094235n,1629012Ki,472712308n,1109100Ki,923206553n,1332704Ki,624452094n,1156680Ki,999m,0.4336996078491211
1621085207.7662578,1621085215.3886464,7.622388601303101,1d16c663-d314-47aa-bc45-541608d2954d,1621076757,200,8.192000150680542,1621085207.212,1621085215.404,d9afcae9-b043-4b2f-b49e-684cc2cad1df,11,648218992n,1253220Ki,1390094235n,1629012Ki,472712308n,1109100Ki,923206553n,1332704Ki,624452094n,1156680Ki,899m,0.554257869720459
1621085210.6525023,1621085215.7270596,5.074557304382324,f6d1e8bc-a75d-4db4-b375-53876ccdd6b2,1621076756,200,5.499000072479248,1621085210.212,1621085215.711,91d23cf8-d242-4060-b981-2e86d273fbf4,11,648218992n,1253220Ki,1390094235n,1629012Ki,472712308n,1109100Ki,923206553n,1332704Ki,624452094n,1156680Ki,899m,0.440502405166626
1621085208.7438924,1621085215.9248793,7.1809868812561035,4f0ffe79-9fa6-4cde-9ffa-ff961c9f078c,1621076757,200,7.726999998092651,1621085208.212,1621085215.939,98f64399-5247-42c0-b1af-11db81c7f657,11,648218992n,1253220Ki,1390094235n,1629012Ki,472712308n,1109100Ki,923206553n,1332704Ki,624452094n,1156680Ki,899m,0.5318925380706787
1621085212.7353504,1621085218.336042,5.600691556930542,c8389d6e-ac5d-4f69-a1d9-66513ae98ea2,1621076756,200,6.151000022888184,1621085212.212,1621085218.363,1d1d734d-4e7d-4004-a628-8f226a35ce81,11,648218992n,1253220Ki,1390094235n,1629012Ki,472712308n,1109100Ki,923206553n,1332704Ki,624452094n,1156680Ki,700m,0.5233504772186279
1621085214.5873132,1621085220.07007,5.482756853103638,835932c6-fe4c-472a-b765-a99da18a30b5,1621076756,200,5.933000087738037,1621085214.217,1621085220.15,b8d6075f-9b41-4658-bf84-9871d654e16a,11,648218992n,1253220Ki,1390094235n,1629012Ki,472712308n,1109100Ki,923206553n,1332704Ki,624452094n,1156680Ki,900m,0.3703131675720215
1621085216.691541,1621085221.4938753,4.802334308624268,f6d1e8bc-a75d-4db4-b375-53876ccdd6b2,1621076756,200,5.2850000858306885,1621085216.212,1621085221.497,528cc7d0-ba2e-49e9-84fb-b9029dab3fe0,11,648218992n,1253220Ki,1390094235n,1629012Ki,472712308n,1109100Ki,923206553n,1332704Ki,624452094n,1156680Ki,900m,0.4795410633087158
1621085212.4250674,1621085222.3730109,9.947943449020386,1d16c663-d314-47aa-bc45-541608d2954d,1621076757,200,11.215999841690063,1621085211.216,1621085222.432,ce444417-1640-44e2-b38a-ae0e53489aee,11,648218992n,1253220Ki,1390094235n,1629012Ki,472712308n,1109100Ki,923206553n,1332704Ki,624452094n,1156680Ki,800m,1.2090673446655273
1621085218.6293337,1621085222.7220159,4.092682123184204,e31fb7c2-05ff-4838-acdb-c7c3505bce62,1621076756,200,4.476999998092651,1621085218.216,1621085222.693,6dcac985-84d8-4ec5-a173-036ceedcd6da,11,648218992n,1253220Ki,1390094235n,1629012Ki,472712308n,1109100Ki,923206553n,1332704Ki,624452094n,1156680Ki,800m,0.4133336544036865
1621085214.1674569,1621085225.3673055,11.199848651885986,7fbc2f2e-df79-479a-a89a-ad807e2704a3,1621076757,200,12.16100001335144,1621085213.212,1621085225.373,13b28d6f-1087-4ecd-958e-7fe7f3978304,11,648218992n,1253220Ki,1390094235n,1629012Ki,472712308n,1109100Ki,923206553n,1332704Ki,624452094n,1156680Ki,1199m,0.9554569721221924
1621085221.801034,1621085226.7364953,4.9354612827301025,4630205d-cea4-4b3c-8724-4107d781dff5,1621076756,200,5.502000093460083,1621085221.212,1621085226.714,ee9f966f-ce08-4693-9b94-4eba2267d99a,11,648218992n,1253220Ki,1390094235n,1629012Ki,472712308n,1109100Ki,923206553n,1332704Ki,624452094n,1156680Ki,1199m,0.5890340805053711
1621085223.7343175,1621085228.5131514,4.778833866119385,e31fb7c2-05ff-4838-acdb-c7c3505bce62,1621076756,200,5.276000022888184,1621085223.212,1621085228.488,4b6be53c-5097-4e21-83e0-a8db187bfb1b,11,648218992n,1253220Ki,1390094235n,1629012Ki,472712308n,1109100Ki,923206553n,1332704Ki,624452094n,1156680Ki,1199m,0.52231764793396
1621085225.691867,1621085230.2296119,4.537744760513306,f6d1e8bc-a75d-4db4-b375-53876ccdd6b2,1621076756,200,5.020000219345093,1621085225.212,1621085230.232,91e2d1a3-afeb-4e04-a9b9-d9bcaf8d3cdd,11,648218992n,1253220Ki,1390094235n,1629012Ki,472712308n,1109100Ki,923206553n,1332704Ki,624452094n,1156680Ki,899m,0.47986721992492676
1621085218.5241683,1621085230.4504037,11.926235437393188,4f0ffe79-9fa6-4cde-9ffa-ff961c9f078c,1621076757,200,13.269000053405762,1621085217.212,1621085230.481,046b4ce7-1d1b-4031-ab83-b2b04444a871,11,648218992n,1253220Ki,1390094235n,1629012Ki,472712308n,1109100Ki,923206553n,1332704Ki,624452094n,1156680Ki,899m,1.3121683597564697
1621085222.6050513,1621085231.2547264,8.649675130844116,ca19d3e5-0304-4acd-aa09-8cbf6a8110e2,1621076756,200,9.128000020980835,1621085222.213,1621085231.341,5b3c3c75-7467-4c0f-835b-d9908c500f76,11,648218992n,1253220Ki,1390094235n,1629012Ki,472712308n,1109100Ki,923206553n,1332704Ki,624452094n,1156680Ki,899m,0.39205121994018555
1621085224.841513,1621085231.7278137,6.886300802230835,74ecdacf-202f-4c69-83cd-7aef1537ffb5,1621076756,200,7.508000135421753,1621085224.212,1621085231.72,c7d71b70-2774-4b63-91ff-47a0d7a4b974,11,648218992n,1253220Ki,1390094235n,1629012Ki,472712308n,1109100Ki,923206553n,1332704Ki,624452094n,1156680Ki,899m,0.6295130252838135
1621085220.1825943,1621085231.8935695,11.710975170135498,4f0ffe79-9fa6-4cde-9ffa-ff961c9f078c,1621076757,200,12.733000040054321,1621085219.212,1621085231.945,e1f4964a-999e-4533-9ea6-c76b06454454,11,648218992n,1253220Ki,1390094235n,1629012Ki,472712308n,1109100Ki,923206553n,1332704Ki,624452094n,1156680Ki,899m,0.9705944061279297
1621085216.23067,1621085232.0808692,15.850199222564697,7fbc2f2e-df79-479a-a89a-ad807e2704a3,1621076757,200,16.89900016784668,1621085215.212,1621085232.111,2c561cdb-1049-4325-9310-dc4b9ac53e82,11,648218992n,1253220Ki,1390094235n,1629012Ki,472712308n,1109100Ki,923206553n,1332704Ki,624452094n,1156680Ki,899m,1.0186700820922852
1621085227.9404676,1621085233.1669872,5.226519584655762,f6d1e8bc-a75d-4db4-b375-53876ccdd6b2,1621076756,200,5.92900013923645,1621085227.212,1621085233.141,6dd2b554-7b72-48a2-8c9c-7b2e3900a96e,11,648218992n,1253220Ki,1390094235n,1629012Ki,472712308n,1109100Ki,923206553n,1332704Ki,624452094n,1156680Ki,899m,0.7284677028656006
1621085229.873431,1621085235.3954093,5.521978378295898,4630205d-cea4-4b3c-8724-4107d781dff5,1621076756,200,6.17300009727478,1621085229.212,1621085235.385,ccc7a6a8-c9e4-417e-b747-378f2de57d43,11,648218992n,1253220Ki,1390094235n,1629012Ki,472712308n,1109100Ki,923206553n,1332704Ki,624452094n,1156680Ki,1,0.661431074142456
1621085222.4424472,1621085235.4279313,12.98548412322998,7fbc2f2e-df79-479a-a89a-ad807e2704a3,1621076757,200,15.212999820709229,1621085220.216,1621085235.429,57d05300-82fe-44cc-a603-145d960b0364,11,648218992n,1253220Ki,1390094235n,1629012Ki,472712308n,1109100Ki,923206553n,1332704Ki,624452094n,1156680Ki,1,2.226447105407715
1621085230.9015422,1621085236.567244,5.665701866149902,4630205d-cea4-4b3c-8724-4107d781dff5,1621076756,200,6.337000131607056,1621085230.212,1621085236.549,3c56d2df-bd43-496b-bc34-dcf5825bb889,11,648218992n,1253220Ki,1390094235n,1629012Ki,472712308n,1109100Ki,923206553n,1332704Ki,624452094n,1156680Ki,1,0.689542293548584
1621085227.1372604,1621085237.017216,9.879955530166626,ca19d3e5-0304-4acd-aa09-8cbf6a8110e2,1621076756,200,10.812000036239624,1621085226.216,1621085237.028,4811fb78-4365-4578-b758-18e7cc3e256d,11,648218992n,1253220Ki,1390094235n,1629012Ki,472712308n,1109100Ki,923206553n,1332704Ki,624452094n,1156680Ki,1,0.9212603569030762
1621085229.2561138,1621085237.940473,8.684359312057495,c97538be-6332-4ad0-a9b2-3acd0bd9d119,1621076756,200,9.72000002861023,1621085228.212,1621085237.932,fcd09af0-e6aa-44db-a470-cbde4b18e8b5,11,648218992n,1253220Ki,1390094235n,1629012Ki,472712308n,1109100Ki,923206553n,1332704Ki,624452094n,1156680Ki,1,1.0441138744354248
1621085232.856211,1621085238.7432082,5.886997222900391,4630205d-cea4-4b3c-8724-4107d781dff5,1621076756,200,6.499000072479248,1621085232.217,1621085238.716,14ca068e-7704-4370-8170-22cdc5cac275,11,648218992n,1253220Ki,1390094235n,1629012Ki,472712308n,1109100Ki,923206553n,1332704Ki,624452094n,1156680Ki,1,0.6392109394073486
1621085232.216668,1621085240.4290988,8.212430953979492,7fbc2f2e-df79-479a-a89a-ad807e2704a3,1621076757,200,9.242000102996826,1621085231.212,1621085240.454,d7682a9b-72c5-4fed-b46a-ef1a323289fb,11,648218992n,1253220Ki,1390094235n,1629012Ki,472712308n,1109100Ki,923206553n,1332704Ki,624452094n,1156680Ki,1200m,1.0046679973602295
1621085235.8135316,1621085241.0071905,5.193658828735352,835932c6-fe4c-472a-b765-a99da18a30b5,1621076756,200,5.872000217437744,1621085235.212,1621085241.084,c389549e-5a3a-47e6-8d7a-52988ca20974,11,2001082067n,1430632Ki,3480482114n,1776108Ki,1878071636n,1284220Ki,710157872n,1247960Ki,1489094u,1242936Ki,1200m,0.6015317440032959
1621085234.7618206,1621085241.1820862,6.4202656745910645,c97538be-6332-4ad0-a9b2-3acd0bd9d119,1621076756,200,7.957000017166138,1621085233.212,1621085241.169,471dfde8-1d25-4d04-81e2-5622bd476ffd,11,2001082067n,1430632Ki,3480482114n,1776108Ki,1878071636n,1284220Ki,710157872n,1247960Ki,1489094u,1242936Ki,1200m,1.5498206615447998
1621085239.6283078,1621085245.38056,5.752252101898193,74ecdacf-202f-4c69-83cd-7aef1537ffb5,1621076756,200,6.156000137329102,1621085239.212,1621085245.368,c689bbbf-e72c-4ec9-9de0-dea5f6626d69,11,2001082067n,1430632Ki,3480482114n,1776108Ki,1878071636n,1284220Ki,710157872n,1247960Ki,1489094u,1242936Ki,899m,0.4163079261779785
1621085236.8219366,1621085246.3179107,9.495974063873291,1d16c663-d314-47aa-bc45-541608d2954d,1621076757,200,10.125,1621085236.213,1621085246.338,74170a97-cc84-4be0-a4d5-318cd97bf6cd,11,2001082067n,1430632Ki,3480482114n,1776108Ki,1878071636n,1284220Ki,710157872n,1247960Ki,1489094u,1242936Ki,899m,0.6089365482330322
1621085235.4914734,1621085247.1299062,11.638432741165161,4f0ffe79-9fa6-4cde-9ffa-ff961c9f078c,1621076757,200,12.910000085830688,1621085234.214,1621085247.124,b7d04408-4329-456a-84ec-b9eaf0b5db5a,11,2001082067n,1430632Ki,3480482114n,1776108Ki,1878071636n,1284220Ki,710157872n,1247960Ki,1489094u,1242936Ki,999m,1.2774734497070312
1621085241.7772272,1621085247.3031335,5.525906324386597,ca19d3e5-0304-4acd-aa09-8cbf6a8110e2,1621076756,200,6.077000141143799,1621085241.212,1621085247.289,0c3c05fe-524d-4fcf-87cf-b455612673c7,11,2001082067n,1430632Ki,3480482114n,1776108Ki,1878071636n,1284220Ki,710157872n,1247960Ki,1489094u,1242936Ki,999m,0.5652272701263428
1621085240.8434637,1621085247.2065058,6.363042116165161,835932c6-fe4c-472a-b765-a99da18a30b5,1621076756,200,7.084000110626221,1621085240.212,1621085247.296,60ebe145-a905-4e17-8b8c-56328c1070c6,11,2001082067n,1430632Ki,3480482114n,1776108Ki,1878071636n,1284220Ki,710157872n,1247960Ki,1489094u,1242936Ki,999m,0.6314637660980225
1621085242.8356948,1621085249.0886946,6.252999782562256,4630205d-cea4-4b3c-8724-4107d781dff5,1621076756,200,6.8480000495910645,1621085242.212,1621085249.06,69eb1234-b29a-4867-87ac-c8627cf45b8a,11,2001082067n,1430632Ki,3480482114n,1776108Ki,1878071636n,1284220Ki,710157872n,1247960Ki,1489094u,1242936Ki,999m,0.623694896697998
1621085239.0783079,1621085249.0860753,10.00776743888855,4f0ffe79-9fa6-4cde-9ffa-ff961c9f078c,1621076757,200,10.884999990463257,1621085238.212,1621085249.097,8c72102a-68e7-4dd3-9e72-1d6333a1062d,11,2001082067n,1430632Ki,3480482114n,1776108Ki,1878071636n,1284220Ki,710157872n,1247960Ki,1489094u,1242936Ki,999m,0.8663079738616943
1621085237.9975948,1621085249.5721667,11.57457184791565,4f0ffe79-9fa6-4cde-9ffa-ff961c9f078c,1621076757,200,12.355000019073486,1621085237.212,1621085249.567,84bbc7e0-5aa9-4291-ba5d-80f6c9694a27,11,2001082067n,1430632Ki,3480482114n,1776108Ki,1878071636n,1284220Ki,710157872n,1247960Ki,1489094u,1242936Ki,899m,0.7855949401855469
1621085243.7578328,1621085249.8306797,6.07284688949585,e31fb7c2-05ff-4838-acdb-c7c3505bce62,1621076756,200,6.5920000076293945,1621085243.212,1621085249.804,85551235-91ae-410d-ba99-c60a47f7f293,11,2001082067n,1430632Ki,3480482114n,1776108Ki,1878071636n,1284220Ki,710157872n,1247960Ki,1489094u,1242936Ki,799m,0.5458328723907471
1621085244.6545715,1621085249.8817625,5.227190971374512,4630205d-cea4-4b3c-8724-4107d781dff5,1621076756,200,5.641000032424927,1621085244.216,1621085249.857,e93c98d6-742c-42a8-8bd0-7a94b655cf8a,11,2001082067n,1430632Ki,3480482114n,1776108Ki,1878071636n,1284220Ki,710157872n,1247960Ki,1489094u,1242936Ki,799m,0.4385714530944824
1621085246.3295567,1621085251.3258338,4.996277093887329,835932c6-fe4c-472a-b765-a99da18a30b5,1621076756,200,6.18500018119812,1621085245.212,1621085251.397,f50aedfd-bb91-4c27-9aa5-73ba008b6f8d,11,2001082067n,1430632Ki,3480482114n,1776108Ki,1878071636n,1284220Ki,710157872n,1247960Ki,1489094u,1242936Ki,799m,1.1175568103790283
1621085247.161851,1621085252.0690768,4.907225847244263,e31fb7c2-05ff-4838-acdb-c7c3505bce62,1621076756,200,5.829999923706055,1621085246.216,1621085252.046,b6e9fb72-4874-4b24-96fa-19a05cacf218,11,2001082067n,1430632Ki,3480482114n,1776108Ki,1878071636n,1284220Ki,710157872n,1247960Ki,1489094u,1242936Ki,999m,0.9458508491516113
1621085247.6809225,1621085252.9582028,5.277280330657959,c97538be-6332-4ad0-a9b2-3acd0bd9d119,1621076756,200,5.736000061035156,1621085247.212,1621085252.948,388ed977-b98b-4231-94b7-a801315b1717,11,2001082067n,1430632Ki,3480482114n,1776108Ki,1878071636n,1284220Ki,710157872n,1247960Ki,1489094u,1242936Ki,999m,0.46892261505126953
1621085248.9477184,1621085253.6120625,4.664344072341919,c97538be-6332-4ad0-a9b2-3acd0bd9d119,1621076756,200,5.382000207901001,1621085248.212,1621085253.594,9afa92da-cdeb-4ce9-9340-36423a77ef02,11,2001082067n,1430632Ki,3480482114n,1776108Ki,1878071636n,1284220Ki,710157872n,1247960Ki,1489094u,1242936Ki,999m,0.7357184886932373
1621085250.5554416,1621085253.9683094,3.412867784500122,e31fb7c2-05ff-4838-acdb-c7c3505bce62,1621076756,200,3.7230000495910645,1621085250.212,1621085253.935,5e59a3d4-c8e1-400e-b840-16da9bcb9d7c,11,2001082067n,1430632Ki,3480482114n,1776108Ki,1878071636n,1284220Ki,710157872n,1247960Ki,1489094u,1242936Ki,999m,0.3434417247772217
1621085249.717632,1621085254.114078,4.396445989608765,7fbc2f2e-df79-479a-a89a-ad807e2704a3,1621076757,200,4.894000053405762,1621085249.212,1621085254.106,c215fb0f-5818-4e03-a99e-2f04e02ffe1f,11,2001082067n,1430632Ki,3480482114n,1776108Ki,1878071636n,1284220Ki,710157872n,1247960Ki,1489094u,1242936Ki,999m,0.5056321620941162
1621085251.750069,1621085255.1327305,3.3826615810394287,f6d1e8bc-a75d-4db4-b375-53876ccdd6b2,1621076756,200,3.8930001258850098,1621085251.212,1621085255.105,b9af7649-8792-4bdd-b085-1972561ceb13,11,2001082067n,1430632Ki,3480482114n,1776108Ki,1878071636n,1284220Ki,710157872n,1247960Ki,1489094u,1242936Ki,1,0.5380690097808838
1621085254.4730742,1621085257.6697488,3.1966745853424072,4f0ffe79-9fa6-4cde-9ffa-ff961c9f078c,1621076757,200,3.450000047683716,1621085254.212,1621085257.662,ef0b616e-63d2-4309-9512-12c5d403520c,11,2001082067n,1430632Ki,3480482114n,1776108Ki,1878071636n,1284220Ki,710157872n,1247960Ki,1489094u,1242936Ki,1,0.2610743045806885
1621085252.8400102,1621085257.7945633,4.954553127288818,c97538be-6332-4ad0-a9b2-3acd0bd9d119,1621076756,200,5.581000089645386,1621085252.212,1621085257.793,2a4dd2b2-e864-4435-a891-f9f98fbd3281,11,2001082067n,1430632Ki,3480482114n,1776108Ki,1878071636n,1284220Ki,710157872n,1247960Ki,1489094u,1242936Ki,1,0.6280102729797363
1621085253.7217855,1621085257.930641,4.208855390548706,c97538be-6332-4ad0-a9b2-3acd0bd9d119,1621076756,200,4.707000017166138,1621085253.212,1621085257.919,36026c9f-598f-4fd0-ae97-f72aa976a5ab,11,2001082067n,1430632Ki,3480482114n,1776108Ki,1878071636n,1284220Ki,710157872n,1247960Ki,1489094u,1242936Ki,1,0.5097856521606445
1621085255.5311308,1621085259.408286,3.877155303955078,74ecdacf-202f-4c69-83cd-7aef1537ffb5,1621076756,200,4.228000164031982,1621085255.212,1621085259.44,3ecd48aa-3654-4395-8992-079c60050f11,11,2001082067n,1430632Ki,3480482114n,1776108Ki,1878071636n,1284220Ki,710157872n,1247960Ki,1489094u,1242936Ki,999m,0.31913089752197266
1621085256.6001952,1621085259.8412359,3.2410407066345215,f6d1e8bc-a75d-4db4-b375-53876ccdd6b2,1621076756,200,3.5970001220703125,1621085256.212,1621085259.809,ecd40919-c770-42cc-9631-087488f17e85,11,2001082067n,1430632Ki,3480482114n,1776108Ki,1878071636n,1284220Ki,710157872n,1247960Ki,1489094u,1242936Ki,1199m,0.388195276260376
1621085257.5049582,1621085261.3289006,3.8239424228668213,4f0ffe79-9fa6-4cde-9ffa-ff961c9f078c,1621076757,200,4.111999988555908,1621085257.212,1621085261.324,97149449-899d-4664-b47a-06fd9b6e37e8,11,2001082067n,1430632Ki,3480482114n,1776108Ki,1878071636n,1284220Ki,710157872n,1247960Ki,1489094u,1242936Ki,1199m,0.29295825958251953
1621085258.4292645,1621085261.5610716,3.1318070888519287,835932c6-fe4c-472a-b765-a99da18a30b5,1621076756,200,3.4160001277923584,1621085258.212,1621085261.628,28ac4cd3-2943-4b70-bae0-72c09f0c54e9,11,2001082067n,1430632Ki,3480482114n,1776108Ki,1878071636n,1284220Ki,710157872n,1247960Ki,1489094u,1242936Ki,1099m,0.21726465225219727
1621085259.711211,1621085263.3675308,3.6563198566436768,7fbc2f2e-df79-479a-a89a-ad807e2704a3,1621076757,200,4.14900016784668,1621085259.212,1621085263.361,ca1f1738-c4ed-40ae-beab-7bd83e176cfd,11,2001082067n,1430632Ki,3480482114n,1776108Ki,1878071636n,1284220Ki,710157872n,1247960Ki,1489094u,1242936Ki,999m,0.49921107292175293
1621085260.5927362,1621085264.100829,3.5080926418304443,7fbc2f2e-df79-479a-a89a-ad807e2704a3,1621076757,200,3.883000135421753,1621085260.212,1621085264.095,e3f2f8b1-e3d2-4ae6-8d3e-8b1752269b90,11,2001082067n,1430632Ki,3480482114n,1776108Ki,1878071636n,1284220Ki,710157872n,1247960Ki,1489094u,1242936Ki,999m,0.3807363510131836
1621085261.520325,1621085264.6093795,3.089054584503174,c97538be-6332-4ad0-a9b2-3acd0bd9d119,1621076756,200,3.377000093460083,1621085261.212,1621085264.589,b441013c-9cf6-4fd2-8f7d-4f15070c628a,11,2001082067n,1430632Ki,3480482114n,1776108Ki,1878071636n,1284220Ki,710157872n,1247960Ki,1489094u,1242936Ki,1200m,0.30832505226135254
1621085262.3883848,1621085265.3714914,2.9831066131591797,835932c6-fe4c-472a-b765-a99da18a30b5,1621076756,200,3.2310001850128174,1621085262.212,1621085265.443,18e80ea6-5743-4f22-a1d1-edaa36781e06,11,2001082067n,1430632Ki,3480482114n,1776108Ki,1878071636n,1284220Ki,710157872n,1247960Ki,1489094u,1242936Ki,1,0.17638492584228516
1621085263.6229007,1621085266.2977338,2.674833059310913,e31fb7c2-05ff-4838-acdb-c7c3505bce62,1621076756,200,3.055999994277954,1621085263.212,1621085266.268,16df51bf-5058-4109-8494-1e2dac90912f,11,2001082067n,1430632Ki,3480482114n,1776108Ki,1878071636n,1284220Ki,710157872n,1247960Ki,1489094u,1242936Ki,1,0.4109008312225342
1621085264.5243251,1621085267.1429904,2.6186652183532715,4630205d-cea4-4b3c-8724-4107d781dff5,1621076756,200,2.8980000019073486,1621085264.211,1621085267.109,e9187bc8-6fa6-4255-a79c-7aa7261acb61,11,2001082067n,1430632Ki,3480482114n,1776108Ki,1878071636n,1284220Ki,710157872n,1247960Ki,1489094u,1242936Ki,1,0.3133251667022705
1621085265.5693526,1621085268.2753208,2.705968141555786,c97538be-6332-4ad0-a9b2-3acd0bd9d119,1621076756,200,3.0460000038146973,1621085265.212,1621085268.258,b60c1002-4fbc-4b22-b6ba-4b2dfdd8a9c8,11,2001082067n,1430632Ki,3480482114n,1776108Ki,1878071636n,1284220Ki,710157872n,1247960Ki,1489094u,1242936Ki,1,0.35735273361206055
1621085266.482912,1621085269.4401798,2.9572677612304688,7fbc2f2e-df79-479a-a89a-ad807e2704a3,1621076757,200,3.2190001010894775,1621085266.212,1621085269.431,d26e60c7-bed2-4a5a-ab04-028f70d7cd9e,11,2001082067n,1430632Ki,3480482114n,1776108Ki,1878071636n,1284220Ki,710157872n,1247960Ki,1489094u,1242936Ki,900m,0.27091217041015625
1621085267.55634,1621085270.2648191,2.708479166030884,e31fb7c2-05ff-4838-acdb-c7c3505bce62,1621076756,200,3.0200002193450928,1621085267.212,1621085270.232,cc953823-ea6e-4c9e-bdaa-3f96d2792da3,11,2001082067n,1430632Ki,3480482114n,1776108Ki,1878071636n,1284220Ki,710157872n,1247960Ki,1489094u,1242936Ki,1,0.34434008598327637
1621085268.5057647,1621085271.1382837,2.632519006729126,e31fb7c2-05ff-4838-acdb-c7c3505bce62,1621076756,200,2.8940000534057617,1621085268.211,1621085271.105,c8cfd76b-b90c-4833-8381-7e34fe61c91f,11,2001082067n,1430632Ki,3480482114n,1776108Ki,1878071636n,1284220Ki,710157872n,1247960Ki,1489094u,1242936Ki,1,0.29476475715637207
1621085269.552681,1621085272.0704927,2.5178117752075195,f6d1e8bc-a75d-4db4-b375-53876ccdd6b2,1621076756,200,2.824000120162964,1621085269.212,1621085272.036,3a726568-1452-4032-bb6d-1efeddba8f98,11,2001082067n,1430632Ki,3480482114n,1776108Ki,1878071636n,1284220Ki,710157872n,1247960Ki,1489094u,1242936Ki,1200m,0.3406810760498047
1621085270.5126412,1621085273.3222249,2.8095836639404297,74ecdacf-202f-4c69-83cd-7aef1537ffb5,1621076756,200,3.0950000286102295,1621085270.212,1621085273.307,1557524b-e93d-4de6-8023-06f9c1cb3b37,11,2001082067n,1430632Ki,3480482114n,1776108Ki,1878071636n,1284220Ki,710157872n,1247960Ki,1489094u,1242936Ki,1200m,0.3006412982940674
1621085271.4656243,1621085273.9048126,2.439188241958618,4630205d-cea4-4b3c-8724-4107d781dff5,1621076756,200,2.6590001583099365,1621085271.212,1621085273.871,9c063c73-f192-4ead-9b9e-f42204518136,11,2001082067n,1430632Ki,3480482114n,1776108Ki,1878071636n,1284220Ki,710157872n,1247960Ki,1489094u,1242936Ki,1200m,0.25362443923950195
1621085272.442719,1621085275.3080184,2.8652994632720947,c97538be-6332-4ad0-a9b2-3acd0bd9d119,1621076756,200,3.0789999961853027,1621085272.211,1621085275.29,e11c2d7d-4a34-440e-93c4-1d58dba5b265,11,2001082067n,1430632Ki,3480482114n,1776108Ki,1878071636n,1284220Ki,710157872n,1247960Ki,1489094u,1242936Ki,1,0.2317190170288086
1621085273.520722,1621085276.2927752,2.7720532417297363,7fbc2f2e-df79-479a-a89a-ad807e2704a3,1621076757,200,3.071000099182129,1621085273.212,1621085276.283,71f227e1-5f59-4dab-8eaa-e1c2295208c0,11,2001082067n,1430632Ki,3480482114n,1776108Ki,1878071636n,1284220Ki,710157872n,1247960Ki,1489094u,1242936Ki,1,0.30872201919555664
1621085274.4374373,1621085277.557736,3.1202986240386963,c97538be-6332-4ad0-a9b2-3acd0bd9d119,1621076756,200,3.3259999752044678,1621085274.211,1621085277.537,b9a8561b-ec12-4520-8797-df255577298b,11,2001082067n,1430632Ki,3480482114n,1776108Ki,1878071636n,1284220Ki,710157872n,1247960Ki,1489094u,1242936Ki,1,0.22643733024597168
1621085275.6095273,1621085278.3593073,2.7497799396514893,4630205d-cea4-4b3c-8724-4107d781dff5,1621076756,200,3.1110000610351562,1621085275.212,1621085278.323,c1af2f85-b0f0-4b0d-a212-bbd2df5c21f5,11,2001082067n,1430632Ki,3480482114n,1776108Ki,1878071636n,1284220Ki,710157872n,1247960Ki,1489094u,1242936Ki,1,0.39752745628356934
1621085276.765882,1621085279.1899552,2.4240732192993164,4630205d-cea4-4b3c-8724-4107d781dff5,1621076756,200,2.691999912261963,1621085276.463,1621085279.155,37372ccc-2015-416d-9870-705ac2d0d778,11,2001082067n,1430632Ki,3480482114n,1776108Ki,1878071636n,1284220Ki,710157872n,1247960Ki,1489094u,1242936Ki,1,0.30288195610046387
1621085277.9559493,1621085280.3429873,2.387037992477417,c97538be-6332-4ad0-a9b2-3acd0bd9d119,1621076756,200,2.610999822616577,1621085277.713,1621085280.324,bbc677d5-41c8-4709-93b4-4ec3f10b99cc,11,2001082067n,1430632Ki,3480482114n,1776108Ki,1878071636n,1284220Ki,710157872n,1247960Ki,1489094u,1242936Ki,1,0.2429492473602295
1621085279.1235511,1621085281.5362384,2.412687301635742,835932c6-fe4c-472a-b765-a99da18a30b5,1621076756,200,2.6399998664855957,1621085278.963,1621085281.603,a3e57968-0cc8-43f1-aaa4-b6b02a057394,11,2001082067n,1430632Ki,3480482114n,1776108Ki,1878071636n,1284220Ki,710157872n,1247960Ki,1489094u,1242936Ki,1,0.1605510711669922
1621085280.4777575,1621085282.8471818,2.369424343109131,f6d1e8bc-a75d-4db4-b375-53876ccdd6b2,1621076756,200,2.6040000915527344,1621085280.214,1621085282.818,6253421c-1430-4abe-a7dd-b8387a7f6968,11,2001082067n,1430632Ki,3480482114n,1776108Ki,1878071636n,1284220Ki,710157872n,1247960Ki,1489094u,1242936Ki,800m,0.26375746726989746
1621085281.7994716,1621085284.0097153,2.2102437019348145,e31fb7c2-05ff-4838-acdb-c7c3505bce62,1621076756,200,2.509999990463257,1621085281.463,1621085283.973,c23aea88-d1e5-4621-bcf2-a214f7f98eac,11,2001082067n,1430632Ki,3480482114n,1776108Ki,1878071636n,1284220Ki,710157872n,1247960Ki,1489094u,1242936Ki,800m,0.3364715576171875
1621085283.1097403,1621085285.2888186,2.1790783405303955,ca19d3e5-0304-4acd-aa09-8cbf6a8110e2,1621076756,200,2.552000045776367,1621085282.713,1621085285.265,80e7ac6d-cdd3-4c22-8cb5-4cb01f6d7b57,11,2001082067n,1430632Ki,3480482114n,1776108Ki,1878071636n,1284220Ki,710157872n,1247960Ki,1489094u,1242936Ki,899m,0.396740198135376
1621085284.5898466,1621085286.884241,2.2943944931030273,c97538be-6332-4ad0-a9b2-3acd0bd9d119,1621076756,200,2.4800000190734863,1621085284.381,1621085286.861,f6ac1d8a-439a-4658-878d-93e59e672485,11,2001082067n,1430632Ki,3480482114n,1776108Ki,1878071636n,1284220Ki,710157872n,1247960Ki,1489094u,1242936Ki,700m,0.2088465690612793
1621085286.3167243,1621085288.5376008,2.220876455307007,c97538be-6332-4ad0-a9b2-3acd0bd9d119,1621076756,200,2.4660000801086426,1621085286.047,1621085288.513,5104fa1f-7682-40ba-897c-84fe8275b389,11,2001082067n,1430632Ki,3480482114n,1776108Ki,1878071636n,1284220Ki,710157872n,1247960Ki,1489094u,1242936Ki,700m,0.26972436904907227
1621085287.901113,1621085289.980553,2.079439878463745,f6d1e8bc-a75d-4db4-b375-53876ccdd6b2,1621076756,200,2.2300000190734863,1621085287.714,1621085289.944,3b009624-1cf8-481d-b81c-8c256368038d,11,2001082067n,1430632Ki,3480482114n,1776108Ki,1878071636n,1284220Ki,710157872n,1247960Ki,1489094u,1242936Ki,600m,0.18711304664611816
1621085289.6114166,1621085291.4941144,1.8826978206634521,4630205d-cea4-4b3c-8724-4107d781dff5,1621076756,200,2.0759999752044678,1621085289.381,1621085291.457,00972ea2-40bb-4173-a9a9-db08255fc937,11,2001082067n,1430632Ki,3480482114n,1776108Ki,1878071636n,1284220Ki,710157872n,1247960Ki,1489094u,1242936Ki,600m,0.23041653633117676
1621085292.0874593,1621085294.445127,2.3576676845550537,ca19d3e5-0304-4acd-aa09-8cbf6a8110e2,1621076756,200,2.5390000343322754,1621085291.882,1621085294.421,4f1bf942-2271-4f1d-9edd-6f7d14e668d7,11,2001082067n,1430632Ki,3480482114n,1776108Ki,1878071636n,1284220Ki,710157872n,1247960Ki,1489094u,1242936Ki,500m,0.2054593563079834
1621085294.571768,1621085296.6144583,2.0426902770996094,e31fb7c2-05ff-4838-acdb-c7c3505bce62,1621076756,200,2.194999933242798,1621085294.381,1621085296.576,43c4dbe1-7941-492a-a7de-e0ca0b261ca4,11,2001082067n,1430632Ki,3480482114n,1776108Ki,1878071636n,1284220Ki,710157872n,1247960Ki,1489094u,1242936Ki,400m,0.19076800346374512
1621085297.1363637,1621085299.2563393,2.1199755668640137,c97538be-6332-4ad0-a9b2-3acd0bd9d119,1621076756,200,2.3489999771118164,1621085296.882,1621085299.231,e6af79a0-d979-426b-bd74-f3efced2d909,11,2001082067n,1430632Ki,3480482114n,1776108Ki,1878071636n,1284220Ki,710157872n,1247960Ki,1489094u,1242936Ki,400m,0.2543637752532959
1621085301.9968197,1621085304.057074,2.0602543354034424,835932c6-fe4c-472a-b765-a99da18a30b5,1621076756,200,2.2380001544952393,1621085301.883,1621085304.121,91549c9a-cf1d-4895-a65e-55b095750ef5,11,173699805n,1154596Ki,846409240n,1640740Ki,936090462n,1198016Ki,175001928n,1248896Ki,242265011n,1157352Ki,300m,0.11381983757019043
1621085312.0646217,1621085313.8859494,1.8213276863098145,e31fb7c2-05ff-4838-acdb-c7c3505bce62,1621076756,200,1.9639999866485596,1621085311.884,1621085313.848,18ca00b0-c89a-4172-8729-d0d1021e81f3,11,173699805n,1154596Ki,846409240n,1640740Ki,936090462n,1198016Ki,175001928n,1248896Ki,242265011n,1157352Ki,100m,0.18062162399291992
1621085322.1207294,1621085324.1302469,2.0095174312591553,1d16c663-d314-47aa-bc45-541608d2954d,1621076757,200,2.234999895095825,1621085321.884,1621085324.119,8bc0c8cd-c4a8-4125-904c-6de31a6098aa,11,173699805n,1154596Ki,846409240n,1640740Ki,936090462n,1198016Ki,175001928n,1248896Ki,242265011n,1157352Ki,100m,0.23672938346862793
1621085332.0842834,1621085334.1431105,2.0588271617889404,7fbc2f2e-df79-479a-a89a-ad807e2704a3,1621076757,200,2.246000051498413,1621085331.885,1621085334.131,04f27cd8-286b-48fa-94b3-9051bc0f5e33,11,173699805n,1154596Ki,846409240n,1640740Ki,936090462n,1198016Ki,175001928n,1248896Ki,242265011n,1157352Ki,100m,0.19928336143493652
1621085342.071215,1621085344.0530503,1.9818353652954102,4f0ffe79-9fa6-4cde-9ffa-ff961c9f078c,1621076757,200,2.1589999198913574,1621085341.884,1621085344.043,1e8820f2-263e-4ab8-9100-121e87c32067,11,173699805n,1154596Ki,846409240n,1640740Ki,936090462n,1198016Ki,175001928n,1248896Ki,242265011n,1157352Ki,100m,0.18721485137939453
1621085352.0793056,1621085354.0874567,2.008151054382324,74ecdacf-202f-4c69-83cd-7aef1537ffb5,1621076756,200,2.177999973297119,1621085351.884,1621085354.062,9feb4879-1d2e-4304-80ce-2b8dd46cc09a,11,173699805n,1154596Ki,846409240n,1640740Ki,936090462n,1198016Ki,175001928n,1248896Ki,242265011n,1157352Ki,100m,0.19530558586120605
1621085362.0707684,1621085364.0714197,2.0006513595581055,1d16c663-d314-47aa-bc45-541608d2954d,1621076757,200,2.175999879837036,1621085361.884,1621085364.06,22eff2c2-a874-4614-a19e-ae7290490fd5,11,340903490n,1154716Ki,332943429n,1558908Ki,369846846n,1198556Ki,213583973n,1248756Ki,241137647n,1157376Ki,100m,0.1867682933807373
1621085372.115277,1621085373.9656346,1.8503575325012207,4630205d-cea4-4b3c-8724-4107d781dff5,1621076756,200,2.0409998893737793,1621085371.884,1621085373.925,e97b2592-f815-4d40-b25e-1a301ead5ff8,11,340903490n,1154716Ki,332943429n,1558908Ki,369846846n,1198556Ki,213583973n,1248756Ki,241137647n,1157376Ki,100m,0.2312769889831543
1621085382.0960047,1621085384.08715,1.991145372390747,ca19d3e5-0304-4acd-aa09-8cbf6a8110e2,1621076756,200,2.178999900817871,1621085381.884,1621085384.063,ec0bbb1b-e63e-416c-afad-3d124003904a,11,340903490n,1154716Ki,332943429n,1558908Ki,369846846n,1198556Ki,213583973n,1248756Ki,241137647n,1157376Ki,100m,0.2120046615600586
1621085392.0785854,1621085394.0005875,1.9220020771026611,ca19d3e5-0304-4acd-aa09-8cbf6a8110e2,1621076756,200,2.0889999866485596,1621085391.884,1621085393.973,be818187-317f-48f9-890e-a7fddc8ae82a,11,340903490n,1154716Ki,332943429n,1558908Ki,369846846n,1198556Ki,213583973n,1248756Ki,241137647n,1157376Ki,100m,0.19458532333374023
1621085402.0671303,1621085404.0757484,2.008618116378784,ca19d3e5-0304-4acd-aa09-8cbf6a8110e2,1621076756,200,2.1659998893737793,1621085401.884,1621085404.05,08371a77-2c3c-4506-a3a3-fad41e7ef39c,11,340903490n,1154716Ki,332943429n,1558908Ki,369846846n,1198556Ki,213583973n,1248756Ki,241137647n,1157376Ki,100m,0.18313026428222656
1621085412.0418363,1621085414.031061,1.9892246723175049,1d16c663-d314-47aa-bc45-541608d2954d,1621076757,200,2.135999917984009,1621085411.884,1621085414.02,b2bcda09-9b72-4baa-9b01-50bceb739f5d,11,340903490n,1154716Ki,332943429n,1558908Ki,369846846n,1198556Ki,213583973n,1248756Ki,241137647n,1157376Ki,100m,0.1578361988067627
1621085422.0234919,1621085424.0050547,1.981562852859497,c8389d6e-ac5d-4f69-a1d9-66513ae98ea2,1621076756,200,2.1410000324249268,1621085421.884,1621085424.025,b34a5e59-cb82-48c0-b377-3b1076a6ed25,11,314675491n,1240272Ki,312442302n,1558640Ki,169897668n,1112148Ki,173361388n,1248724Ki,230546270n,1157652Ki,100m,0.13949179649353027
1621085432.0713136,1621085434.1052184,2.033904790878296,1d16c663-d314-47aa-bc45-541608d2954d,1621076757,200,2.2089998722076416,1621085431.884,1621085434.093,f37ce2f6-9492-4625-8749-74c08f74c0ce,11,314675491n,1240272Ki,312442302n,1558640Ki,169897668n,1112148Ki,173361388n,1248724Ki,230546270n,1157652Ki,100m,0.18731355667114258
1621085442.098704,1621085444.0799222,1.9812180995941162,c8389d6e-ac5d-4f69-a1d9-66513ae98ea2,1621076756,200,2.2149999141693115,1621085441.884,1621085444.099,a3db502d-7ccd-44b8-97dc-6eee9ce331d2,11,314675491n,1240272Ki,312442302n,1558640Ki,169897668n,1112148Ki,173361388n,1248724Ki,230546270n,1157652Ki,100m,0.21470403671264648
1621085452.1545744,1621085454.0575635,1.902989149093628,f6d1e8bc-a75d-4db4-b375-53876ccdd6b2,1621076756,200,2.131999969482422,1621085451.884,1621085454.016,136a04b1-72ea-4c1e-a3ae-bb755e8fa116,11,314675491n,1240272Ki,312442302n,1558640Ki,169897668n,1112148Ki,173361388n,1248724Ki,230546270n,1157652Ki,100m,0.27057433128356934
1621085462.0999496,1621085463.8955824,1.7956328392028809,4630205d-cea4-4b3c-8724-4107d781dff5,1621076756,200,1.9700000286102295,1621085461.884,1621085463.854,ef0b4e17-3066-4320-a854-2467655b5321,11,314675491n,1240272Ki,312442302n,1558640Ki,169897668n,1112148Ki,173361388n,1248724Ki,230546270n,1157652Ki,100m,0.21594953536987305
1621085472.0835345,1621085474.0502126,1.9666781425476074,c97538be-6332-4ad0-a9b2-3acd0bd9d119,1621076756,200,2.1369998455047607,1621085471.884,1621085474.021,09789c84-7a09-4396-b82f-0dde605e1d07,11,314675491n,1240272Ki,312442302n,1558640Ki,169897668n,1112148Ki,173361388n,1248724Ki,230546270n,1157652Ki,100m,0.19953441619873047
1621085482.100443,1621085484.1546774,2.054234504699707,ca19d3e5-0304-4acd-aa09-8cbf6a8110e2,1621076756,200,2.240999937057495,1621085481.884,1621085484.125,f39bd501-1114-44cf-9aea-3fdccacf4042,11,174299169n,1153832Ki,315532190n,1564704Ki,390200971n,1111592Ki,161906806n,1248180Ki,224306608n,1157180Ki,100m,0.21644282341003418
1621085492.0561945,1621085494.0377078,1.981513261795044,74ecdacf-202f-4c69-83cd-7aef1537ffb5,1621076756,200,2.123999834060669,1621085491.884,1621085494.008,7c66121d-6437-4c5c-8cfd-d7439c0877cf,11,174299169n,1153832Ki,315532190n,1564704Ki,390200971n,1111592Ki,161906806n,1248180Ki,224306608n,1157180Ki,100m,0.1721944808959961
1621085502.2021077,1621085505.5832353,3.3811275959014893,74ecdacf-202f-4c69-83cd-7aef1537ffb5,1621076756,200,3.671999931335449,1621085501.884,1621085505.556,56bbdc0b-8469-4f2e-925d-4e938755f35d,11,174299169n,1153832Ki,315532190n,1564704Ki,390200971n,1111592Ki,161906806n,1248180Ki,224306608n,1157180Ki,100m,0.31810760498046875
1621085512.2118385,1621085515.4231305,3.211292028427124,1d16c663-d314-47aa-bc45-541608d2954d,1621076757,200,3.5339999198913574,1621085511.884,1621085515.418,e2a40c84-96c2-486a-9fb0-f8dc5b6010a2,11,174299169n,1153832Ki,315532190n,1564704Ki,390200971n,1111592Ki,161906806n,1248180Ki,224306608n,1157180Ki,100m,0.3278384208679199
1621085522.0724795,1621085524.2512891,2.178809642791748,1d16c663-d314-47aa-bc45-541608d2954d,1621076757,200,2.3569998741149902,1621085521.884,1621085524.241,bbfc4efe-6816-4d36-984a-c9e9c97e1ff2,11,174299169n,1153832Ki,315532190n,1564704Ki,390200971n,1111592Ki,161906806n,1248180Ki,224306608n,1157180Ki,100m,0.18847942352294922
1621085532.0932457,1621085533.8947375,1.8014917373657227,f6d1e8bc-a75d-4db4-b375-53876ccdd6b2,1621076756,200,1.9649999141693115,1621085531.884,1621085533.849,ffa06ac3-d902-4206-8b9c-a0b31c2cd7a2,11,174299169n,1153832Ki,315532190n,1564704Ki,390200971n,1111592Ki,161906806n,1248180Ki,224306608n,1157180Ki,100m,0.2092456817626953
1621085542.095354,1621085544.0621157,1.966761589050293,1d16c663-d314-47aa-bc45-541608d2954d,1621076757,200,2.1689999103546143,1621085541.884,1621085544.053,6cc72671-bdaa-4682-8c5f-19cbbd2b40c9,11,190980735n,1154300Ki,529351253n,1576016Ki,180226258n,1111276Ki,181060825n,1248732Ki,262988275n,1150516Ki,100m,0.21135401725769043
1621085552.0736873,1621085554.1117334,2.03804612159729,7fbc2f2e-df79-479a-a89a-ad807e2704a3,1621076757,200,2.2230000495910645,1621085551.884,1621085554.107,c58cc767-b76f-4779-8218-0177b4ef7faf,11,190980735n,1154300Ki,529351253n,1576016Ki,180226258n,1111276Ki,181060825n,1248732Ki,262988275n,1150516Ki,100m,0.18968725204467773
1621085562.091269,1621085564.2270968,2.1358277797698975,c97538be-6332-4ad0-a9b2-3acd0bd9d119,1621076756,200,2.312000036239624,1621085561.884,1621085564.196,bb569048-0693-4d94-a485-fd0fe40817a1,11,190980735n,1154300Ki,529351253n,1576016Ki,180226258n,1111276Ki,181060825n,1248732Ki,262988275n,1150516Ki,100m,0.20726895332336426
1621085572.0682075,1621085574.0501544,1.9819469451904297,4f0ffe79-9fa6-4cde-9ffa-ff961c9f078c,1621076757,200,2.1599998474121094,1621085571.884,1621085574.044,3fe2f766-c6db-4198-afba-5969cb4c6614,11,190980735n,1154300Ki,529351253n,1576016Ki,180226258n,1111276Ki,181060825n,1248732Ki,262988275n,1150516Ki,100m,0.18420743942260742
1621085582.1303425,1621085584.0768087,1.9464662075042725,e31fb7c2-05ff-4838-acdb-c7c3505bce62,1621076756,200,2.1519999504089355,1621085581.884,1621085584.036,67912446-59f0-46be-ade4-dec6831e57e4,11,190980735n,1154300Ki,529351253n,1576016Ki,180226258n,1111276Ki,181060825n,1248732Ki,262988275n,1150516Ki,100m,0.24634242057800293
1621085592.0042818,1621085593.9450104,1.9407286643981934,835932c6-fe4c-472a-b765-a99da18a30b5,1621076756,200,2.125999927520752,1621085591.884,1621085594.01,cd54b941-1c8e-48ae-80b8-029a892b82b2,11,190980735n,1154300Ki,529351253n,1576016Ki,180226258n,1111276Ki,181060825n,1248732Ki,262988275n,1150516Ki,100m,0.12028169631958008
1621085602.0391371,1621085604.0146773,1.9755401611328125,835932c6-fe4c-472a-b765-a99da18a30b5,1621076756,200,2.191999912261963,1621085601.884,1621085604.076,a3cb9c27-6854-4772-b863-4e13031b3bf4,11,213146074n,1154424Ki,624667753n,1575464Ki,214554304n,1111196Ki,203949206n,1248096Ki,425411288n,1239840Ki,100m,0.1551370620727539
1621085612.0498755,1621085614.290739,2.240863561630249,835932c6-fe4c-472a-b765-a99da18a30b5,1621076756,200,2.4700000286102295,1621085611.884,1621085614.354,e89a7743-b22d-4267-9d5b-d38fe39c7662,11,213146074n,1154424Ki,624667753n,1575464Ki,214554304n,1111196Ki,203949206n,1248096Ki,425411288n,1239840Ki,100m,0.16587543487548828
1621085621.9993927,1621085624.0475454,2.0481526851654053,835932c6-fe4c-472a-b765-a99da18a30b5,1621076756,200,2.2279999256134033,1621085621.884,1621085624.112,9ba6d22f-a984-44e2-97e7-dae90b2e8829,11,213146074n,1154424Ki,624667753n,1575464Ki,214554304n,1111196Ki,203949206n,1248096Ki,425411288n,1239840Ki,100m,0.11539268493652344
1621085632.0104072,1621085633.9176617,1.9072544574737549,835932c6-fe4c-472a-b765-a99da18a30b5,1621076756,200,2.0950000286102295,1621085631.884,1621085633.979,4f3b9ee5-7d49-4373-807e-1443fe6f4cbf,8,213146074n,1154424Ki,624667753n,1575464Ki,214554304n,1111196Ki,203949206n,1248096Ki,425411288n,1239840Ki,100m,0.12640714645385742
1621085642.059965,1621085644.1730013,2.1130363941192627,835932c6-fe4c-472a-b765-a99da18a30b5,1621076756,200,2.3499999046325684,1621085641.884,1621085644.234,7d3e07d2-24f3-44cb-ab08-b79faee50286,4,213146074n,1154424Ki,624667753n,1575464Ki,214554304n,1111196Ki,203949206n,1248096Ki,425411288n,1239840Ki,100m,0.1759648323059082
1621085651.9939997,1621085653.8980484,1.9040486812591553,835932c6-fe4c-472a-b765-a99da18a30b5,1621076756,200,2.075000047683716,1621085651.884,1621085653.959,6c3677ba-dbbd-477f-8e94-f51c1827df7f,3,213146074n,1154424Ki,624667753n,1575464Ki,214554304n,1111196Ki,203949206n,1248096Ki,425411288n,1239840Ki,100m,0.1099996566772461
1621085662.002183,1621085663.9106646,1.9084815979003906,835932c6-fe4c-472a-b765-a99da18a30b5,1621076756,200,2.0879998207092285,1621085661.884,1621085663.972,2c3dca03-818d-4628-8445-03c24a77062b,1,164821496n,1127080Ki,400451780n,1510416Ki,192369363n,1083464Ki,195955075n,1239916Ki,488334804n,1239456Ki,100m,0.11818289756774902
1621085672.004046,1621085673.9719076,1.9678616523742676,835932c6-fe4c-472a-b765-a99da18a30b5,1621076756,200,2.1489999294281006,1621085671.885,1621085674.034,e5475a54-85ff-4d6d-91cd-45842294357c,1,164821496n,1127080Ki,400451780n,1510416Ki,192369363n,1083464Ki,195955075n,1239916Ki,488334804n,1239456Ki,100m,0.11904597282409668
1621085681.985778,1621085683.9536564,1.9678783416748047,835932c6-fe4c-472a-b765-a99da18a30b5,1621076756,200,2.13100004196167,1621085681.884,1621085684.015,aa58607e-e0ad-4636-a9c1-1a193178d4a3,1,164821496n,1127080Ki,400451780n,1510416Ki,192369363n,1083464Ki,195955075n,1239916Ki,488334804n,1239456Ki,100m,0.10177803039550781
1621085692.0239716,1621085693.9203963,1.8964247703552246,835932c6-fe4c-472a-b765-a99da18a30b5,1621076756,200,2.0999999046325684,1621085691.884,1621085693.984,97f05f03-dc3b-4554-a4d2-ae783bd0d265,1,164821496n,1127080Ki,400451780n,1510416Ki,192369363n,1083464Ki,195955075n,1239916Ki,488334804n,1239456Ki,100m,0.13997149467468262
1621085702.0126204,1621085704.0212023,2.0085818767547607,835932c6-fe4c-472a-b765-a99da18a30b5,1621076756,200,2.197999954223633,1621085701.884,1621085704.082,fa59169e-9f30-400d-89ec-1bb15cb6c0b4,1,164821496n,1127080Ki,400451780n,1510416Ki,192369363n,1083464Ki,195955075n,1239916Ki,488334804n,1239456Ki,100m,0.12862038612365723
1621085712.0115132,1621085713.8768106,1.8652973175048828,835932c6-fe4c-472a-b765-a99da18a30b5,1621076756,200,2.053999900817871,1621085711.884,1621085713.938,2b1c8cbb-cf93-40c3-ba76-717a601bb4bc,1,164821496n,1127080Ki,400451780n,1510416Ki,192369363n,1083464Ki,195955075n,1239916Ki,488334804n,1239456Ki,100m,0.12751317024230957
1621085721.990143,1621085723.9524763,1.9623332023620605,835932c6-fe4c-472a-b765-a99da18a30b5,1621076756,200,2.128999948501587,1621085721.884,1621085724.013,1be3f02a-d288-4989-b173-ee86831b1c86,1,165981455n,1127448Ki,332650832n,1510232Ki,159026461n,1083672Ki,180794407n,1239572Ki,445667965n,1155364Ki,100m,0.10614299774169922
1621085732.0246167,1621085733.89975,1.8751332759857178,835932c6-fe4c-472a-b765-a99da18a30b5,1621076756,200,2.0769999027252197,1621085731.884,1621085733.961,41b898cf-a55e-423e-a2c9-3512b10e0b72,1,165981455n,1127448Ki,332650832n,1510232Ki,159026461n,1083672Ki,180794407n,1239572Ki,445667965n,1155364Ki,100m,0.14061665534973145
1621085741.9769635,1621085743.7859945,1.8090310096740723,835932c6-fe4c-472a-b765-a99da18a30b5,1621076756,200,1.9629998207092285,1621085741.884,1621085743.847,12177669-42b9-47f7-a225-40b639547714,1,165981455n,1127448Ki,332650832n,1510232Ki,159026461n,1083672Ki,180794407n,1239572Ki,445667965n,1155364Ki,100m,0.09296345710754395
1621085752.0028923,1621085753.9135852,1.9106929302215576,835932c6-fe4c-472a-b765-a99da18a30b5,1621076756,200,2.0899999141693115,1621085751.884,1621085753.974,4af8d411-5a05-4c8b-84fd-1993828cb2fd,1,165981455n,1127448Ki,332650832n,1510232Ki,159026461n,1083672Ki,180794407n,1239572Ki,445667965n,1155364Ki,100m,0.11889219284057617
1621085762.0253077,1621085763.7094548,1.6841471195220947,835932c6-fe4c-472a-b765-a99da18a30b5,1621076756,200,1.8859999179840088,1621085761.884,1621085763.77,c2501fe1-ab45-415f-b46c-c7bc2c641095,1,165981455n,1127448Ki,332650832n,1510232Ki,159026461n,1083672Ki,180794407n,1239572Ki,445667965n,1155364Ki,100m,0.14130759239196777
1621085771.981181,1621085773.8905077,1.9093267917633057,835932c6-fe4c-472a-b765-a99da18a30b5,1621076756,200,2.066999912261963,1621085771.884,1621085773.951,b296b010-02f5-48d1-83fa-d2b67f664c48,1,165981455n,1127448Ki,332650832n,1510232Ki,159026461n,1083672Ki,180794407n,1239572Ki,445667965n,1155364Ki,100m,0.09718084335327148
1621085781.9804816,1621085783.9749033,1.9944217205047607,835932c6-fe4c-472a-b765-a99da18a30b5,1621076756,200,2.1519999504089355,1621085781.884,1621085784.036,fbefaae0-ad79-4d3c-bf56-fe4c11344146,1,158241095n,1127532Ki,297888045n,1515584Ki,156301361n,1083880Ki,171427338n,1239736Ki,460588728n,1155048Ki,100m,0.0964815616607666