executionStartTime,executionEndTime,executionLatency,containerId,hostId,statusCode,requestResponseLatency,requestTime,responseTime,requestId,replicas,cpCpuUsage,cpMemoryUsage,n3CpuUsage,n3MemoryUsage,n2CpuUsage,n2MemoryUsage,n4CpuUsage,n4MemoryUsage,n1CpuUsage,n1MemoryUsage,functionInvocationRate,schedulingLatency
1621092240.6567771,1621092242.6457956,1.989018440246582,f5fb6605-eccd-4121-95ab-9a6cd9fe2243,1621076759,200,2.247999906539917,1621092238.664,1621092240.912,e4cd94bd-eb81-47cb-b4a0-13e9a5eba007,1,263792656n,1442272Ki,146502935n,1030604Ki,129010304n,1228456Ki,196163213n,1179540Ki,234804149n,1243480Ki,0,1.9927771091461182
1621092243.0391517,1621092244.9383776,1.8992259502410889,f5fb6605-eccd-4121-95ab-9a6cd9fe2243,1621076759,200,2.0379998683929443,1621092241.164,1621092243.202,710032d4-1acc-4d5f-9b51-c0f8bb5d369f,1,263792656n,1442272Ki,146502935n,1030604Ki,129010304n,1228456Ki,196163213n,1179540Ki,234804149n,1243480Ki,100m,1.8751516342163086
1621092245.5832543,1621092247.7056344,2.122380018234253,f5fb6605-eccd-4121-95ab-9a6cd9fe2243,1621076759,200,2.305999994277954,1621092243.665,1621092245.971,f9076ca5-d701-47d1-8a8a-2302c5d08d84,1,263792656n,1442272Ki,146502935n,1030604Ki,129010304n,1228456Ki,196163213n,1179540Ki,234804149n,1243480Ki,200m,1.9182543754577637
1621092248.0856497,1621092250.1559453,2.070295572280884,f5fb6605-eccd-4121-95ab-9a6cd9fe2243,1621076759,200,2.261000156402588,1621092246.165,1621092248.426,5054d5e1-42c0-494f-9956-3705cd067e23,1,263792656n,1442272Ki,146502935n,1030604Ki,129010304n,1228456Ki,196163213n,1179540Ki,234804149n,1243480Ki,200m,1.920649766921997
1621092249.8437793,1621092252.291021,2.44724178314209,f5fb6605-eccd-4121-95ab-9a6cd9fe2243,1621076759,200,2.7290000915527344,1621092247.832,1621092250.561,943801f5-5901-4125-8db4-16cd56299e69,1,263792656n,1442272Ki,146502935n,1030604Ki,129010304n,1228456Ki,196163213n,1179540Ki,234804149n,1243480Ki,300m,2.011779308319092
1621092251.436834,1621092254.4176912,2.9808571338653564,f5fb6605-eccd-4121-95ab-9a6cd9fe2243,1621076759,200,3.190000057220459,1621092249.498,1621092252.688,ff5f8808-738b-4c27-a9fb-c1505734e457,1,263792656n,1442272Ki,146502935n,1030604Ki,129010304n,1228456Ki,196163213n,1179540Ki,234804149n,1243480Ki,500m,1.9388341903686523
1621092253.2614017,1621092255.7268639,2.4654622077941895,f5fb6605-eccd-4121-95ab-9a6cd9fe2243,1621076759,200,2.8429999351501465,1621092251.165,1621092254.008,0b488587-ef2d-4974-b4cf-c2beae12e36b,1,263792656n,1442272Ki,146502935n,1030604Ki,129010304n,1228456Ki,196163213n,1179540Ki,234804149n,1243480Ki,399m,2.0964016914367676
1621092254.8069592,1621092257.0073574,2.2003982067108154,f5fb6605-eccd-4121-95ab-9a6cd9fe2243,1621076759,200,2.4579999446868896,1621092252.832,1621092255.29,4b59040f-720c-48d8-b565-2c37568023e7,1,263792656n,1442272Ki,146502935n,1030604Ki,129010304n,1228456Ki,196163213n,1179540Ki,234804149n,1243480Ki,399m,1.974959135055542
1621092256.0214608,1621092258.6447442,2.6232833862304688,f5fb6605-eccd-4121-95ab-9a6cd9fe2243,1621076759,200,2.8400001525878906,1621092254.083,1621092256.923,9afba47e-46d8-4458-a318-4e3256d6ad38,1,263792656n,1442272Ki,146502935n,1030604Ki,129010304n,1228456Ki,196163213n,1179540Ki,234804149n,1243480Ki,499m,1.9384608268737793
1621092257.3390949,1621092260.6021647,3.2630698680877686,f5fb6605-eccd-4121-95ab-9a6cd9fe2243,1621076759,200,3.5439999103546143,1621092255.334,1621092258.878,b1993e2b-09b6-488a-b6d5-9a961a10fce6,1,263792656n,1442272Ki,146502935n,1030604Ki,129010304n,1228456Ki,196163213n,1179540Ki,234804149n,1243480Ki,600m,2.0050947666168213
1621092258.8872626,1621092262.2239623,3.3366997241973877,f5fb6605-eccd-4121-95ab-9a6cd9fe2243,1621076759,200,3.9190001487731934,1621092256.583,1621092260.502,a4e2dce0-8aa4-4fe1-b798-3a654b3069a4,1,263792656n,1442272Ki,146502935n,1030604Ki,129010304n,1228456Ki,196163213n,1179540Ki,234804149n,1243480Ki,600m,2.304262638092041
1621092260.170542,1621092264.3916361,4.221094131469727,f5fb6605-eccd-4121-95ab-9a6cd9fe2243,1621076759,200,4.855999946594238,1621092257.833,1621092262.689,995cc155-6f2c-4bd0-9d15-b549d76fea02,1,400220764n,1442316Ki,221775089n,1052636Ki,156172263n,1229956Ki,253154642n,1179532Ki,1856115025n,1415448Ki,700m,2.3375420570373535
1621092262.370262,1621092265.9015927,3.5313308238983154,c4591959-f4bc-4ef7-9774-7854f9d84cc3,1621076758,200,3.871000051498413,1621092260.333,1621092264.204,dc067783-1b30-494c-87a9-1c01f5ae9d9a,2,400220764n,1442316Ki,221775089n,1052636Ki,156172263n,1229956Ki,253154642n,1179532Ki,1856115025n,1415448Ki,700m,2.037261962890625
1621092261.458319,1621092266.1432126,4.684893608093262,f5fb6605-eccd-4121-95ab-9a6cd9fe2243,1621076759,200,5.361999988555908,1621092259.083,1621092264.445,112c9909-8e2b-47fa-a5fa-0d49f66c6009,2,400220764n,1442316Ki,221775089n,1052636Ki,156172263n,1229956Ki,253154642n,1179532Ki,1856115025n,1415448Ki,700m,2.375319004058838
1621092263.3601499,1621092267.8567488,4.496598958969116,f5fb6605-eccd-4121-95ab-9a6cd9fe2243,1621076759,200,4.819999933242798,1621092261.334,1621092266.154,46e93c0d-86cf-41b4-b120-2ae910a71235,2,400220764n,1442316Ki,221775089n,1052636Ki,156172263n,1229956Ki,253154642n,1179532Ki,1856115025n,1415448Ki,700m,2.0261497497558594
1621092264.3811932,1621092269.621393,5.24019980430603,c4591959-f4bc-4ef7-9774-7854f9d84cc3,1621076758,200,5.5909998416900635,1621092262.334,1621092267.925,9d74ceeb-442e-4964-a35c-4df5b4bae54b,2,400220764n,1442316Ki,221775089n,1052636Ki,156172263n,1229956Ki,253154642n,1179532Ki,1856115025n,1415448Ki,899m,2.0471930503845215
1621092265.6584167,1621092271.2559752,5.597558498382568,c4591959-f4bc-4ef7-9774-7854f9d84cc3,1621076758,200,6.21999979019165,1621092263.334,1621092269.554,10a3b439-765e-49a3-a03b-765d23d56cb4,2,400220764n,1442316Ki,221775089n,1052636Ki,156172263n,1229956Ki,253154642n,1179532Ki,1856115025n,1415448Ki,999m,2.3244166374206543
1621092266.5251052,1621092271.845806,5.320700645446777,f5fb6605-eccd-4121-95ab-9a6cd9fe2243,1621076759,200,5.935999870300293,1621092264.334,1621092270.27,86a0f249-70d3-4f3e-a7f6-d966ed10cc0e,2,400220764n,1442316Ki,221775089n,1052636Ki,156172263n,1229956Ki,253154642n,1179532Ki,1856115025n,1415448Ki,999m,2.1911051273345947
1621092268.4389293,1621092275.8122501,7.373320817947388,f5fb6605-eccd-4121-95ab-9a6cd9fe2243,1621076759,200,7.764999866485596,1621092266.334,1621092274.099,edc26560-e8d9-4d2a-ac58-633120828e57,2,400220764n,1442316Ki,221775089n,1052636Ki,156172263n,1229956Ki,253154642n,1179532Ki,1856115025n,1415448Ki,1199m,2.104929208755493
1621092267.490831,1621092276.770002,9.279170989990234,c4591959-f4bc-4ef7-9774-7854f9d84cc3,1621076758,200,9.733999967575073,1621092265.334,1621092275.068,12ad230c-0b69-4a35-9f4f-bd96ca1b919a,2,400220764n,1442316Ki,221775089n,1052636Ki,156172263n,1229956Ki,253154642n,1179532Ki,1856115025n,1415448Ki,1199m,2.1568307876586914
1621092269.9989548,1621092277.6727266,7.673771858215332,c4591959-f4bc-4ef7-9774-7854f9d84cc3,1621076758,200,8.631999969482422,1621092267.334,1621092275.966,9105e93c-723d-4aaf-8771-e4946a179292,2,400220764n,1442316Ki,221775089n,1052636Ki,156172263n,1229956Ki,253154642n,1179532Ki,1856115025n,1415448Ki,1199m,2.664954662322998
1621092270.5956862,1621092278.3161077,7.720421552658081,f5fb6605-eccd-4121-95ab-9a6cd9fe2243,1621076759,200,8.273000001907349,1621092268.334,1621092276.607,4d552e83-dafb-40b3-a754-a2b58861f763,2,400220764n,1442316Ki,221775089n,1052636Ki,156172263n,1229956Ki,253154642n,1179532Ki,1856115025n,1415448Ki,1199m,2.261686086654663
1621092273.9418154,1621092280.965192,7.023376703262329,f5fb6605-eccd-4121-95ab-9a6cd9fe2243,1621076759,200,7.934999942779541,1621092271.334,1621092279.269,896085d4-01bf-4d17-9c5d-9980f90cff01,4,400220764n,1442316Ki,221775089n,1052636Ki,156172263n,1229956Ki,253154642n,1179532Ki,1856115025n,1415448Ki,999m,2.6078152656555176
1621092276.7341113,1621092282.014458,5.280346632003784,f5fb6605-eccd-4121-95ab-9a6cd9fe2243,1621076759,200,5.972999811172485,1621092274.334,1621092280.307,6f777bbd-9e61-4cbf-8f49-78a288ea1af8,4,400220764n,1442316Ki,221775089n,1052636Ki,156172263n,1229956Ki,253154642n,1179532Ki,1856115025n,1415448Ki,999m,2.400111198425293
1621092285.379498,1621092289.1220245,3.7425265312194824,37e67ea1-cf98-4ae8-a8ab-648705e1ae44,1621076759,200,4.074999809265137,1621092283.334,1621092287.409,bb33c66c-6d07-4c60-8b21-d3ca3e2f1edd,4,400220764n,1442316Ki,221775089n,1052636Ki,156172263n,1229956Ki,253154642n,1179532Ki,1856115025n,1415448Ki,1100m,2.0454978942871094
1621092272.6720889,1621092289.0389695,16.366880655288696,c4591959-f4bc-4ef7-9774-7854f9d84cc3,1621076758,200,17.299999952316284,1621092270.334,1621092287.634,252a8355-89d7-43b3-92a5-1d09ff84c6a3,4,400220764n,1442316Ki,221775089n,1052636Ki,156172263n,1229956Ki,253154642n,1179532Ki,1856115025n,1415448Ki,1100m,2.3380887508392334
1621092271.7487333,1621092289.9726522,18.223918914794922,c4591959-f4bc-4ef7-9774-7854f9d84cc3,1621076758,200,19.230000019073486,1621092269.336,1621092288.566,eb2e0144-e2c8-4dc7-9756-ab742cae90c8,4,400220764n,1442316Ki,221775089n,1052636Ki,156172263n,1229956Ki,253154642n,1179532Ki,1856115025n,1415448Ki,1100m,2.412733316421509
1621092286.3567817,1621092290.6081638,4.251382112503052,37e67ea1-cf98-4ae8-a8ab-648705e1ae44,1621076759,200,4.565999984741211,1621092284.334,1621092288.9,24f54ea5-f76c-4184-af8c-0f9c96bfe958,4,400220764n,1442316Ki,221775089n,1052636Ki,156172263n,1229956Ki,253154642n,1179532Ki,1856115025n,1415448Ki,1,2.0227816104888916
1621092287.4562364,1621092291.4902596,4.034023284912109,37e67ea1-cf98-4ae8-a8ab-648705e1ae44,1621076759,200,4.453999996185303,1621092285.334,1621092289.788,0bfd5d66-9168-445c-8ba9-24229a5b061d,4,400220764n,1442316Ki,221775089n,1052636Ki,156172263n,1229956Ki,253154642n,1179532Ki,1856115025n,1415448Ki,1,2.1222362518310547
1621092279.5393894,1621092292.2188597,12.679470300674438,add07565-7d27-43ff-bb27-f7d123d74a90,1621076758,200,13.240999937057495,1621092277.334,1621092290.575,1f82742e-04f0-4bf8-ad3b-2a9179c8bef7,4,400220764n,1442316Ki,221775089n,1052636Ki,156172263n,1229956Ki,253154642n,1179532Ki,1856115025n,1415448Ki,1,2.2053892612457275
1621092291.3484674,1621092295.2964916,3.948024272918701,f5fb6605-eccd-4121-95ab-9a6cd9fe2243,1621076759,200,4.281999826431274,1621092289.334,1621092293.616,a8669bca-525b-442b-a80a-7a5df70973c7,4,400220764n,1442316Ki,221775089n,1052636Ki,156172263n,1229956Ki,253154642n,1179532Ki,1856115025n,1415448Ki,999m,2.014467239379883
1621092275.6013396,1621092297.2655911,21.664251565933228,c4591959-f4bc-4ef7-9774-7854f9d84cc3,1621076758,200,22.211999893188477,1621092273.334,1621092295.546,df23d905-d291-4495-aad5-6ce2724b7466,4,400220764n,1442316Ki,221775089n,1052636Ki,156172263n,1229956Ki,253154642n,1179532Ki,1856115025n,1415448Ki,1099m,2.2673394680023193
1621092293.4688048,1621092298.2905643,4.821759462356567,f5fb6605-eccd-4121-95ab-9a6cd9fe2243,1621076759,200,5.270999908447266,1621092291.334,1621092296.605,7a2f267e-f651-4a87-a7eb-347930c72ef7,4,400220764n,1442316Ki,221775089n,1052636Ki,156172263n,1229956Ki,253154642n,1179532Ki,1856115025n,1415448Ki,999m,2.1348047256469727
1621092274.898865,1621092299.823706,24.924840927124023,c4591959-f4bc-4ef7-9774-7854f9d84cc3,1621076758,200,26.001999855041504,1621092272.334,1621092298.336,966c0da4-575b-43c2-ba50-875ffb2ca9c6,4,400220764n,1442316Ki,221775089n,1052636Ki,156172263n,1229956Ki,253154642n,1179532Ki,1856115025n,1415448Ki,899m,2.5648648738861084
1621092294.3972263,1621092301.0572019,6.659975528717041,f5fb6605-eccd-4121-95ab-9a6cd9fe2243,1621076759,200,7.017999887466431,1621092292.334,1621092299.352,7cfad8cb-fc44-46f7-bb1a-270bcaf38abc,4,400220764n,1442316Ki,221775089n,1052636Ki,156172263n,1229956Ki,253154642n,1179532Ki,1856115025n,1415448Ki,999m,2.0632262229919434
1621092296.7188792,1621092306.1807334,9.461854219436646,f5fb6605-eccd-4121-95ab-9a6cd9fe2243,1621076759,200,10.152000188827515,1621092294.337,1621092304.489,61be09c4-890a-49a8-b9ca-fff3332d130c,4,400220764n,1442316Ki,221775089n,1052636Ki,156172263n,1229956Ki,253154642n,1179532Ki,1856115025n,1415448Ki,1,2.3818793296813965
1621092299.7039645,1621092307.644561,7.940596580505371,37e67ea1-cf98-4ae8-a8ab-648705e1ae44,1621076759,200,8.622999906539917,1621092297.335,1621092305.958,c5173d57-31f6-4e78-ac74-4cba7999c8b9,4,400220764n,1442316Ki,221775089n,1052636Ki,156172263n,1229956Ki,253154642n,1179532Ki,1856115025n,1415448Ki,1,2.368964433670044
1621092278.854212,1621092309.5019596,30.64774751663208,c4591959-f4bc-4ef7-9774-7854f9d84cc3,1621076758,200,32.496999979019165,1621092275.334,1621092307.831,c1072e26-38af-4328-ae31-8c77ca38cbdc,4,400220764n,1442316Ki,221775089n,1052636Ki,156172263n,1229956Ki,253154642n,1179532Ki,1856115025n,1415448Ki,1099m,3.520211935043335
1621092298.6032166,1621092309.5607061,10.957489490509033,f5fb6605-eccd-4121-95ab-9a6cd9fe2243,1621076759,200,11.633999824523926,1621092296.334,1621092307.968,ae12722f-d7b7-4752-b5b1-1907126486c0,4,400220764n,1442316Ki,221775089n,1052636Ki,156172263n,1229956Ki,253154642n,1179532Ki,1856115025n,1415448Ki,1099m,2.269216537475586
1621092284.6908848,1621092315.9497664,31.25888156890869,c4591959-f4bc-4ef7-9774-7854f9d84cc3,1621076758,200,36.270999908447266,1621092278.334,1621092314.605,6469848c-93ff-4f83-9555-9d8515e6e231,4,400220764n,1442316Ki,221775089n,1052636Ki,156172263n,1229956Ki,253154642n,1179532Ki,1856115025n,1415448Ki,900m,6.356884717941284
1621092301.3321874,1621092320.3329327,19.00074529647827,f5fb6605-eccd-4121-95ab-9a6cd9fe2243,1621076759,200,20.453999996185303,1621092298.337,1621092318.791,0405cfc4-643c-484c-87ed-f891889d41e1,4,400220764n,1442316Ki,221775089n,1052636Ki,156172263n,1229956Ki,253154642n,1179532Ki,1856115025n,1415448Ki,1100m,2.995187520980835
1621092306.925424,1621092320.8048003,13.87937617301941,37e67ea1-cf98-4ae8-a8ab-648705e1ae44,1621076759,200,14.882999897003174,1621092304.334,1621092319.217,1e8686e3-c3d4-42e5-aa19-a9f2b5430d15,4,400220764n,1442316Ki,221775089n,1052636Ki,156172263n,1229956Ki,253154642n,1179532Ki,1856115025n,1415448Ki,1100m,2.591423988342285
1621092283.9579387,1621092320.7308419,36.77290320396423,add07565-7d27-43ff-bb27-f7d123d74a90,1621076758,200,38.89999985694885,1621092280.338,1621092319.238,73253ed4-112f-40c3-8a03-281f0a313f65,4,400220764n,1442316Ki,221775089n,1052636Ki,156172263n,1229956Ki,253154642n,1179532Ki,1856115025n,1415448Ki,1100m,3.619938611984253
1621092282.3661058,1621092321.4854648,39.11935901641846,add07565-7d27-43ff-bb27-f7d123d74a90,1621076758,200,40.835999965667725,1621092279.334,1621092320.17,7cf2f385-3a70-4420-8803-22e3b36cce42,5,400220764n,1442316Ki,221775089n,1052636Ki,156172263n,1229956Ki,253154642n,1179532Ki,1856115025n,1415448Ki,1100m,3.0321056842803955
1621092279.5748231,1621092322.491514,42.916690826416016,c4591959-f4bc-4ef7-9774-7854f9d84cc3,1621076758,200,44.782999992370605,1621092276.334,1621092321.117,1c460e46-7d4a-4e83-9710-047f5e1e5a58,5,400220764n,1442316Ki,221775089n,1052636Ki,156172263n,1229956Ki,253154642n,1179532Ki,1856115025n,1415448Ki,1100m,3.2408230304718018
1621092319.4854934,1621092324.192643,4.707149505615234,9778444f-005a-47f6-9961-a3f641caadf9,1621076759,200,5.113999843597412,1621092317.334,1621092322.448,c0101e82-d33e-4b6f-8984-c9625a9880f2,5,400220764n,1442316Ki,221775089n,1052636Ki,156172263n,1229956Ki,253154642n,1179532Ki,1856115025n,1415448Ki,1100m,2.1514933109283447
1621092300.3042483,1621092325.4233422,25.119093894958496,c4591959-f4bc-4ef7-9774-7854f9d84cc3,1621076758,200,28.41699981689453,1621092295.334,1621092323.751,7d7b3219-450b-4458-a454-408f9a040868,5,400220764n,1442316Ki,221775089n,1052636Ki,156172263n,1229956Ki,253154642n,1179532Ki,1856115025n,1415448Ki,1100m,4.970248222351074
1621092287.662459,1621092329.7995212,42.137062311172485,c4591959-f4bc-4ef7-9774-7854f9d84cc3,1621076758,200,46.90299987792969,1621092281.334,1621092328.237,1a33bc65-5911-4410-9f2a-302768fb7ee4,5,400220764n,1442316Ki,221775089n,1052636Ki,156172263n,1229956Ki,253154642n,1179532Ki,1856115025n,1415448Ki,900m,6.328458786010742
1621092293.6558173,1621092332.7908528,39.13503551483154,c4591959-f4bc-4ef7-9774-7854f9d84cc3,1621076758,200,44.91499996185303,1621092286.335,1621092331.25,a09bc192-4635-453c-b906-6b0e0c4b0eb1,5,400220764n,1442316Ki,221775089n,1052636Ki,156172263n,1229956Ki,253154642n,1179532Ki,1856115025n,1415448Ki,999m,7.320817232131958
,,,,,500,20.90499997138977,1621092311.334,1621092332.239,dff46b9b-d756-451e-8b9a-4d17334b8177,5,400220764n,1442316Ki,221775089n,1052636Ki,156172263n,1229956Ki,253154642n,1179532Ki,1856115025n,1415448Ki,1,
,,,,,500,17.276000022888184,1621092318.336,1621092335.612,c33b38e3-adf5-42f2-88ce-af12dc9557e3,5,400220764n,1442316Ki,221775089n,1052636Ki,156172263n,1229956Ki,253154642n,1179532Ki,1856115025n,1415448Ki,1100m,
,,,,,500,36.63599991798401,1621092302.334,1621092338.97,7eea2a1b-5a06-4924-8ed6-f39823cf5583,5,400220764n,1442316Ki,221775089n,1052636Ki,156172263n,1229956Ki,253154642n,1179532Ki,1856115025n,1415448Ki,900m,
,,,,,500,31.625,1621092307.342,1621092338.967,1fa39493-cdbc-4086-9140-90fd24312748,5,400220764n,1442316Ki,221775089n,1052636Ki,156172263n,1229956Ki,253154642n,1179532Ki,1856115025n,1415448Ki,900m,
1621092338.5706568,1621092343.1408315,4.570174694061279,9778444f-005a-47f6-9961-a3f641caadf9,1621076759,200,5.0920000076293945,1621092336.334,1621092341.426,e14aa60c-33a7-4af5-a0d7-38eba1d2ec05,5,400220764n,1442316Ki,221775089n,1052636Ki,156172263n,1229956Ki,253154642n,1179532Ki,1856115025n,1415448Ki,900m,2.236656665802002
,,,,,500,39.78699994087219,1621092305.338,1621092345.125,30129379-3ce1-44b9-b4b8-6b7181d2d1e6,5,400220764n,1442316Ki,221775089n,1052636Ki,156172263n,1229956Ki,253154642n,1179532Ki,1856115025n,1415448Ki,999m,
,,,,,500,24.233999967575073,1621092324.334,1621092348.568,0c82f6b3-1954-459f-bae5-d8b2046ca57a,5,400220764n,1442316Ki,221775089n,1052636Ki,156172263n,1229956Ki,253154642n,1179532Ki,1856115025n,1415448Ki,800m,
,,,,,500,36.996999979019165,1621092313.334,1621092350.331,a17acac3-abbf-44a2-9720-a69d292ef774,5,400220764n,1442316Ki,221775089n,1052636Ki,156172263n,1229956Ki,253154642n,1179532Ki,1856115025n,1415448Ki,1200m,
1621092302.2648885,1621092353.7821355,51.51724696159363,f5fb6605-eccd-4121-95ab-9a6cd9fe2243,1621076759,200,53.08899998664856,1621092299.334,1621092352.423,14bcc6ce-4086-4acd-87ce-77dd6d76adb2,5,400220764n,1442316Ki,221775089n,1052636Ki,156172263n,1229956Ki,253154642n,1179532Ki,1856115025n,1415448Ki,1100m,2.9308884143829346
1621092307.1145208,1621092354.060878,46.94635725021362,f5fb6605-eccd-4121-95ab-9a6cd9fe2243,1621076759,200,49.09099984169006,1621092303.334,1621092352.425,caae3053-2757-45c6-89a7-6212fc39da49,5,400220764n,1442316Ki,221775089n,1052636Ki,156172263n,1229956Ki,253154642n,1179532Ki,1856115025n,1415448Ki,1100m,3.7805206775665283
,,,,,500,53.93599987030029,1621092301.335,1621092355.271,cccaddbe-5faf-4853-9f8f-8f171fe55caa,5,400220764n,1442316Ki,221775089n,1052636Ki,156172263n,1229956Ki,253154642n,1179532Ki,1856115025n,1415448Ki,900m,
,,,,,500,39.10899996757507,1621092316.335,1621092355.444,1473fcf0-dae9-4f9d-b207-0c090f822ae3,5,400220764n,1442316Ki,221775089n,1052636Ki,156172263n,1229956Ki,253154642n,1179532Ki,1856115025n,1415448Ki,900m,
1621092354.525099,1621092358.3339527,3.8088536262512207,9778444f-005a-47f6-9961-a3f641caadf9,1621076759,200,4.255999803543091,1621092352.334,1621092356.59,30bc913b-2caf-49d4-9887-2e1d4a1f5f30,5,400220764n,1442316Ki,221775089n,1052636Ki,156172263n,1229956Ki,253154642n,1179532Ki,1856115025n,1415448Ki,900m,2.191098928451538
,,,,,500,32.443000078201294,1621092325.335,1621092357.778,beb98ea1-ad4b-40c6-83c8-621b57ae43be,5,400220764n,1442316Ki,221775089n,1052636Ki,156172263n,1229956Ki,253154642n,1179532Ki,1856115025n,1415448Ki,1,
,,,,,500,65.68399977684021,1621092293.334,1621092359.018,742fcc0a-c077-4058-932f-f8db67d4d214,5,400220764n,1442316Ki,221775089n,1052636Ki,156172263n,1229956Ki,253154642n,1179532Ki,1856115025n,1415448Ki,799m,
,,,,,500,17.66100001335144,1621092342.335,1621092359.996,0efee5e2-80b1-43fd-9d61-0e1faa1f5726,5,400220764n,1442316Ki,221775089n,1052636Ki,156172263n,1229956Ki,253154642n,1179532Ki,1856115025n,1415448Ki,799m,
1621092358.5946767,1621092362.0874064,3.492729663848877,9778444f-005a-47f6-9961-a3f641caadf9,1621076759,200,4.005999803543091,1621092356.334,1621092360.34,0dcb8d5f-cad6-42c6-97bd-902bb4fbafb1,5,400220764n,1442316Ki,221775089n,1052636Ki,156172263n,1229956Ki,253154642n,1179532Ki,1856115025n,1415448Ki,799m,2.260676622390747
1621092308.852794,1621092364.0771475,55.224353551864624,37e67ea1-cf98-4ae8-a8ab-648705e1ae44,1621076759,200,56.63599991798401,1621092306.334,1621092362.97,835ad1cd-bc1d-47e6-80a6-c907ba835d2e,5,400220764n,1442316Ki,221775089n,1052636Ki,156172263n,1229956Ki,253154642n,1179532Ki,1856115025n,1415448Ki,899m,2.518793821334839
,,,,,500,73.01399993896484,1621092290.334,1621092363.348,6f917421-ec17-45d1-9917-621568cb46cc,5,400220764n,1442316Ki,221775089n,1052636Ki,156172263n,1229956Ki,253154642n,1179532Ki,1856115025n,1415448Ki,899m,
1621092361.5234191,1621092365.9123,4.388880968093872,9778444f-005a-47f6-9961-a3f641caadf9,1621076759,200,4.828999996185303,1621092359.335,1621092364.164,5d1145ab-e60d-4ede-9982-2ac94d2b37d1,5,400220764n,1442316Ki,221775089n,1052636Ki,156172263n,1229956Ki,253154642n,1179532Ki,1856115025n,1415448Ki,999m,2.1884191036224365
,,,,,500,43.621999979019165,1621092321.334,1621092364.956,1a0457ae-6ab0-4189-9d86-6237599797c2,5,400220764n,1442316Ki,221775089n,1052636Ki,156172263n,1229956Ki,253154642n,1179532Ki,1856115025n,1415448Ki,999m,
1621092285.7517893,1621092367.370826,81.61903667449951,add07565-7d27-43ff-bb27-f7d123d74a90,1621076758,200,83.68299984931946,1621092282.334,1621092366.017,a441c587-4b36-4f2b-978d-2b8a9f5aa564,5,400220764n,1442316Ki,221775089n,1052636Ki,156172263n,1229956Ki,253154642n,1179532Ki,1856115025n,1415448Ki,999m,3.4177892208099365
,,,,,500,41.615999937057495,1621092326.334,1621092367.95,a47e0ce7-0a5f-4a87-8419-8f565bda1c71,5,400220764n,1442316Ki,221775089n,1052636Ki,156172263n,1229956Ki,253154642n,1179532Ki,1856115025n,1415448Ki,1199m,
,,,,,500,27.734000205993652,1621092340.337,1621092368.071,366f4a5b-967f-45c0-b7b7-e91be74ed281,5,400220764n,1442316Ki,221775089n,1052636Ki,156172263n,1229956Ki,253154642n,1179532Ki,1856115025n,1415448Ki,1199m,
,,,,,500,41.39699983596802,1621092328.334,1621092369.731,b41f086f-af11-47e7-b39c-d09beb72deb4,5,400220764n,1442316Ki,221775089n,1052636Ki,156172263n,1229956Ki,253154642n,1179532Ki,1856115025n,1415448Ki,999m,
1621092292.4153411,1621092370.9621358,78.54679465293884,add07565-7d27-43ff-bb27-f7d123d74a90,1621076758,200,82.61299991607666,1621092287.334,1621092369.947,4f6edb14-b132-4249-b9c7-ea0f9988a8e3,5,400220764n,1442316Ki,221775089n,1052636Ki,156172263n,1229956Ki,253154642n,1179532Ki,1856115025n,1415448Ki,999m,5.081341028213501
,,,,,500,51.18299984931946,1621092320.334,1621092371.517,e9fd16a2-fcab-4c3f-9954-22f4d2eb652d,5,400220764n,1442316Ki,221775089n,1052636Ki,156172263n,1229956Ki,253154642n,1179532Ki,1856115025n,1415448Ki,900m,
,,,,,500,45.09599995613098,1621092327.335,1621092372.431,23782ed2-960c-415d-86f9-a4209cdd3d6e,5,400220764n,1442316Ki,221775089n,1052636Ki,156172263n,1229956Ki,253154642n,1179532Ki,1856115025n,1415448Ki,900m,
,,,,,500,62.264999866485596,1621092310.334,1621092372.599,ad2a2741-0b26-4ed1-9bd7-d40e7fcd554b,5,400220764n,1442316Ki,221775089n,1052636Ki,156172263n,1229956Ki,253154642n,1179532Ki,1856115025n,1415448Ki,900m,
,,,,,500,53.26600003242493,1621092319.337,1621092372.603,c6530282-1d80-44a4-bd47-98a5f18e7bb3,5,400220764n,1442316Ki,221775089n,1052636Ki,156172263n,1229956Ki,253154642n,1179532Ki,1856115025n,1415448Ki,900m,
1621092312.9892638,1621092374.5991282,61.609864473342896,f5fb6605-eccd-4121-95ab-9a6cd9fe2243,1621076759,200,65.01599979400635,1621092308.334,1621092373.35,ab70f18a-cf46-4768-9173-e7c15bcb097d,5,400220764n,1442316Ki,221775089n,1052636Ki,156172263n,1229956Ki,253154642n,1179532Ki,1856115025n,1415448Ki,900m,4.655263662338257
,,,,,500,51.253000020980835,1621092322.34,1621092373.593,69fa357b-6308-4044-9000-3b9fa1733081,5,400220764n,1442316Ki,221775089n,1052636Ki,156172263n,1229956Ki,253154642n,1179532Ki,1856115025n,1415448Ki,900m,
1621092294.2861037,1621092375.861347,81.5752432346344,add07565-7d27-43ff-bb27-f7d123d74a90,1621076758,200,85.96299982070923,1621092288.334,1621092374.297,58fe2509-ed4f-450e-8c3e-10d621a07cd2,5,400220764n,1442316Ki,221775089n,1052636Ki,156172263n,1229956Ki,253154642n,1179532Ki,1856115025n,1415448Ki,1100m,5.952103614807129
,,,,,500,62.480000019073486,1621092312.336,1621092374.816,0f31de12-41f1-4747-934a-fe0c2c875779,5,400220764n,1442316Ki,221775089n,1052636Ki,156172263n,1229956Ki,253154642n,1179532Ki,1856115025n,1415448Ki,1100m,
,,,,,500,44.549999952316284,1621092331.334,1621092375.884,b76ba915-21c8-4060-83e5-6d08ee71f603,5,1129409512n,1539456Ki,,,367461097n,1231956Ki,608045411n,1181520Ki,,,1100m,
,,,,,500,19.164999961853027,1621092357.334,1621092376.499,9c797339-aad3-41f7-898f-040934e7fc83,5,1129409512n,1539456Ki,,,367461097n,1231956Ki,608045411n,1181520Ki,,,1100m,
,,,,,500,46.61900019645691,1621092330.34,1621092376.959,3c6bb33b-903f-420a-842a-28f6080408ab,5,1129409512n,1539456Ki,,,367461097n,1231956Ki,608045411n,1181520Ki,,,900m,
1621092314.730666,1621092379.050778,64.32011198997498,c4591959-f4bc-4ef7-9774-7854f9d84cc3,1621076758,200,68.18399977684021,1621092309.334,1621092377.518,f10d7722-b8d7-4528-be8d-be85a3ce326a,5,1129409512n,1539456Ki,,,367461097n,1231956Ki,608045411n,1181520Ki,,,900m,5.396665811538696
,,,,,500,54.657999992370605,1621092323.335,1621092377.993,70f61866-119c-486d-97e6-f766f5f4c9e9,5,1129409512n,1539456Ki,,,367461097n,1231956Ki,608045411n,1181520Ki,,,900m,
,,,,,500,40.63799977302551,1621092338.334,1621092378.972,8ec7a8c4-9e61-448e-9519-ac4df3f9d8ec,5,1129409512n,1539456Ki,,,367461097n,1231956Ki,608045411n,1181520Ki,,,1199m,
1621092377.4653919,1621092381.7827902,4.317398309707642,9778444f-005a-47f6-9961-a3f641caadf9,1621076759,200,4.711999893188477,1621092375.334,1621092380.046,bd9a5197-fa07-408e-8d8c-d26814d7d868,5,1129409512n,1539456Ki,,,367461097n,1231956Ki,608045411n,1181520Ki,,,1199m,2.131391763687134
,,,,,500,31.39800000190735,1621092349.334,1621092380.732,67650432-024f-4a6d-af71-266afaf60a37,5,1129409512n,1539456Ki,,,367461097n,1231956Ki,608045411n,1181520Ki,,,1199m,
,,,,,500,13.851999998092651,1621092367.334,1621092381.186,f25dafa9-2d75-4f7c-ac6b-88975c4b6715,5,1129409512n,1539456Ki,,,367461097n,1231956Ki,608045411n,1181520Ki,,,1199m,
,,,,,500,23.77899980545044,1621092361.334,1621092385.113,c3616959-6bef-4a83-961f-e56fb3d1577e,5,1129409512n,1539456Ki,,,367461097n,1231956Ki,608045411n,1181520Ki,,,1,
,,,,,500,49.89099979400635,1621092335.334,1621092385.225,61f29463-59af-4bd9-b11d-981d6d290d8f,5,1129409512n,1539456Ki,,,367461097n,1231956Ki,608045411n,1181520Ki,,,1,
,,,,,500,54.055999994277954,1621092333.334,1621092387.39,bfae0db1-5cdd-45a3-a294-f4ef5194380e,5,1129409512n,1539456Ki,,,367461097n,1231956Ki,608045411n,1181520Ki,,,999m,
,,,,,500,24.490999937057495,1621092363.334,1621092387.825,72e15c1a-a8d8-499b-bec0-8ac7c2d017f4,5,1129409512n,1539456Ki,,,367461097n,1231956Ki,608045411n,1181520Ki,,,999m,
,,,,,500,50.717000007629395,1621092339.34,1621092390.057,5bb32766-a394-45b6-a10c-96270751e23b,5,1129409512n,1539456Ki,,,367461097n,1231956Ki,608045411n,1181520Ki,,,799m,
,,,,,500,38.34700012207031,1621092353.336,1621092391.683,41a3c929-a21e-40f6-b69f-68d6bfe799a2,5,1129409512n,1539456Ki,,,367461097n,1231956Ki,608045411n,1181520Ki,,,699m,
,,,,,500,49.17799997329712,1621092343.334,1621092392.512,486a58cb-6737-4c3c-a2be-6764e88394e8,5,1129409512n,1539456Ki,,,367461097n,1231956Ki,608045411n,1181520Ki,,,1200m,
1621092389.4868846,1621092394.619408,5.13252329826355,9778444f-005a-47f6-9961-a3f641caadf9,1621076759,200,5.550999879837036,1621092387.334,1621092392.885,57f89bc9-d9e4-4c14-9a53-ab6c5c9bcc8e,5,1129409512n,1539456Ki,,,367461097n,1231956Ki,608045411n,1181520Ki,,,1200m,2.1528844833374023
,,,,,500,65.33599996566772,1621092329.334,1621092394.67,6bbd427e-e20a-4935-b3cc-7005cb56e7b0,5,1129409512n,1539456Ki,,,367461097n,1231956Ki,608045411n,1181520Ki,,,999m,
,,,,,500,48.174999952316284,1621092347.334,1621092395.509,df478949-02b5-43b0-b840-72ea3ea63635,5,1129409512n,1539456Ki,,,367461097n,1231956Ki,608045411n,1181520Ki,,,999m,
1621092392.540898,1621092397.5464692,5.005571126937866,9778444f-005a-47f6-9961-a3f641caadf9,1621076759,200,5.48799991607666,1621092390.334,1621092395.822,1cb8c7b4-5737-4e1d-9fe4-e81df0c86663,5,1129409512n,1539456Ki,,,367461097n,1231956Ki,608045411n,1181520Ki,,,999m,2.2068979740142822
,,,,,500,32.13699984550476,1621092365.334,1621092397.471,b7498de1-3550-4e6a-8cb3-442ed00d0cf7,5,1129409512n,1539456Ki,,,367461097n,1231956Ki,608045411n,1181520Ki,,,1,
1621092393.639787,1621092399.4713798,5.831592798233032,9778444f-005a-47f6-9961-a3f641caadf9,1621076759,200,6.392999887466431,1621092391.335,1621092397.728,f53057bb-12d0-4bf1-988e-4c05c44b3d27,5,1129409512n,1539456Ki,,,367461097n,1231956Ki,608045411n,1181520Ki,,,1,2.3047869205474854
,,,,,500,23.794999837875366,1621092376.334,1621092400.129,3dcf52a4-69a7-4073-8d31-b8e0c0dd1e92,5,1129409512n,1539456Ki,,,367461097n,1231956Ki,608045411n,1181520Ki,,,1099m,
1621092397.605676,1621092402.845756,5.240080118179321,9778444f-005a-47f6-9961-a3f641caadf9,1621076759,200,5.767999887466431,1621092395.334,1621092401.102,3d764ada-4bd8-41e8-8f66-587100a806ad,5,1129409512n,1539456Ki,,,367461097n,1231956Ki,608045411n,1181520Ki,,,1099m,2.2716758251190186
,,,,,500,43.99400019645691,1621092358.34,1621092402.334,341d6960-f893-4d0a-9733-1524d1f4f603,5,1129409512n,1539456Ki,,,367461097n,1231956Ki,608045411n,1181520Ki,,,999m,
,,,,,500,21.056999921798706,1621092383.334,1621092404.391,d8dd34da-4171-428d-965e-f7d100ea0a00,5,1129409512n,1539456Ki,,,367461097n,1231956Ki,608045411n,1181520Ki,,,999m,
,,,,,500,58.117999792099,1621092346.334,1621092404.452,d2e66182-05e6-489e-a95c-e181ba71fb5a,5,1129409512n,1539456Ki,,,367461097n,1231956Ki,608045411n,1181520Ki,,,999m,
,,,,,500,58.29099988937378,1621092348.334,1621092406.625,5295ecb9-e014-4338-84b1-0fec6b7b75b6,5,1129409512n,1539456Ki,,,367461097n,1231956Ki,608045411n,1181520Ki,,,1,
,,,,,500,42.348999977111816,1621092364.334,1621092406.683,0ec887c2-1205-45a8-ba9e-276ef797d507,5,1129409512n,1539456Ki,,,367461097n,1231956Ki,608045411n,1181520Ki,,,1,
,,,,,500,47.3199999332428,1621092360.334,1621092407.654,9f00ca5b-22ac-4ce2-8252-f000f48f18bb,5,1129409512n,1539456Ki,,,367461097n,1231956Ki,608045411n,1181520Ki,,,900m,
,,,,,500,68.3270001411438,1621092341.336,1621092409.663,8e12cef2-4aff-4b95-a7a3-2c2ffbf848d3,5,1129409512n,1539456Ki,,,367461097n,1231956Ki,608045411n,1181520Ki,,,900m,
,,,,,500,55.37899994850159,1621092354.334,1621092409.713,13a39565-b2f8-45b5-9c63-117ff2bb65a4,5,1129409512n,1539456Ki,,,367461097n,1231956Ki,608045411n,1181520Ki,,,900m,
,,,,,500,67.76599979400635,1621092344.334,1621092412.1,840e57a5-6eea-4d8d-a44c-7d5efd111182,5,1129409512n,1539456Ki,,,367461097n,1231956Ki,608045411n,1181520Ki,,,899m,
,,,,,500,20.227999925613403,1621092393.339,1621092413.567,dcf9be6e-b702-4119-a1bc-7bcafcb97c91,5,1129409512n,1539456Ki,,,367461097n,1231956Ki,608045411n,1181520Ki,,,899m,
1621092410.4088504,1621092415.9495075,5.540657043457031,9778444f-005a-47f6-9961-a3f641caadf9,1621076759,200,5.879999876022339,1621092408.334,1621092414.214,290cd746-8d41-4c1f-9fd4-46bd1d499cd4,5,1129409512n,1539456Ki,,,367461097n,1231956Ki,608045411n,1181520Ki,,,999m,2.07485032081604
,,,,,500,52.45299983024597,1621092362.338,1621092414.791,cadce42c-85a5-46e5-9582-eb824d8b3da0,5,1129409512n,1539456Ki,,,367461097n,1231956Ki,608045411n,1181520Ki,,,,
1621092411.6541538,1621092416.907914,5.253760099411011,9778444f-005a-47f6-9961-a3f641caadf9,1621076759,200,5.828999996185303,1621092409.335,1621092415.164,87ba9548-c4fb-46ca-aaea-4dd71b303253,5,1129409512n,1539456Ki,,,367461097n,1231956Ki,608045411n,1181520Ki,,,,2.3191537857055664
1621092412.8115404,1621092419.0587213,6.247180938720703,9778444f-005a-47f6-9961-a3f641caadf9,1621076759,200,6.990999937057495,1621092410.334,1621092417.325,01a7cb8e-a789-4411-a825-a4838d50a27b,5,1129409512n,1539456Ki,,,367461097n,1231956Ki,608045411n,1181520Ki,,,,2.4775402545928955
,,,,,500,62.42199993133545,1621092355.334,1621092417.756,58f9dc14-181b-4120-a146-8b70fedc5a7d,5,1129409512n,1539456Ki,,,367461097n,1231956Ki,608045411n,1181520Ki,,,,
,,,,,500,68.6639997959137,1621092351.334,1621092419.998,be8c4fe4-584b-4c64-8de8-17b78bea8a74,5,1129409512n,1539456Ki,,,367461097n,1231956Ki,608045411n,1181520Ki,,,,
,,,,,500,31.299999952316284,1621092389.334,1621092420.634,72c00e5a-cf67-4a22-95e3-ed202cf71bdd,5,1129409512n,1539456Ki,,,367461097n,1231956Ki,608045411n,1181520Ki,,,,
1621092419.4582362,1621092424.8925056,5.434269428253174,9778444f-005a-47f6-9961-a3f641caadf9,1621076759,200,5.827999830245972,1621092417.334,1621092423.162,946ed281-2219-4062-bc3f-e546032c1ad7,5,1129409512n,1539456Ki,,,367461097n,1231956Ki,608045411n,1181520Ki,,,1,2.1242361068725586
,,,,,500,50.32699990272522,1621092373.334,1621092423.661,0d92f7e9-f209-4485-8242-8a9a79accf2e,5,1129409512n,1539456Ki,,,367461097n,1231956Ki,608045411n,1181520Ki,,,1,
,,,,,500,56.388999938964844,1621092368.334,1621092424.723,7a2c9cb6-e1be-436b-bd4e-d7f4c5277840,5,1129409512n,1539456Ki,,,367461097n,1231956Ki,608045411n,1181520Ki,,,1100m,
1621092421.9238935,1621092427.2313085,5.307415008544922,9778444f-005a-47f6-9961-a3f641caadf9,1621076759,200,6.172999858856201,1621092419.335,1621092425.508,58edc26f-f2a5-4427-8d4a-03f77a3d65e0,5,1129409512n,1539456Ki,,,367461097n,1231956Ki,608045411n,1181520Ki,,,1100m,2.588893413543701
,,,,,500,15.11299991607666,1621092411.334,1621092426.447,d60a15f7-656c-42db-9a44-de6e6c5e8793,5,1129409512n,1539456Ki,,,367461097n,1231956Ki,608045411n,1181520Ki,,,899m,
,,,,,500,54.91499996185303,1621092372.334,1621092427.249,046ada4a-c752-4256-ad29-ae0a47a75f59,5,1129409512n,1539456Ki,,,367461097n,1231956Ki,608045411n,1181520Ki,,,799m,
1621092420.6507323,1621092429.332885,8.68215274810791,9778444f-005a-47f6-9961-a3f641caadf9,1621076759,200,9.269999980926514,1621092418.335,1621092427.605,ff1c4522-7163-44bb-baf4-781290645a0c,5,1129409512n,1539456Ki,,,367461097n,1231956Ki,608045411n,1181520Ki,,,799m,2.31573224067688
,,,,,500,63.5239999294281,1621092366.334,1621092429.858,10ee5ef4-4f3f-4890-935a-39818b5d4917,5,1129409512n,1539456Ki,,,367461097n,1231956Ki,608045411n,1181520Ki,,,900m,
1621092424.0925653,1621092431.9217567,7.829191446304321,9778444f-005a-47f6-9961-a3f641caadf9,1621076759,200,8.872999906539917,1621092421.334,1621092430.207,095e5a40-9637-46dc-ac18-6d51f212c186,5,1129409512n,1539456Ki,,,367461097n,1231956Ki,608045411n,1181520Ki,,,900m,2.7585651874542236
1621092422.6599722,1621092432.471999,9.812026739120483,9778444f-005a-47f6-9961-a3f641caadf9,1621076759,200,10.391000032424927,1621092420.336,1621092430.727,3fe626a8-afc5-478c-ab1a-2bf2ab3e3177,5,1129409512n,1539456Ki,,,367461097n,1231956Ki,608045411n,1181520Ki,,,900m,2.323972225189209
,,,,,500,33.74799990653992,1621092397.334,1621092431.082,fec5802d-31c3-4718-b5f8-68bfb0ea86b2,5,1129409512n,1539456Ki,,,367461097n,1231956Ki,608045411n,1181520Ki,,,900m,
1621092424.9151857,1621092434.3527894,9.43760371208191,9778444f-005a-47f6-9961-a3f641caadf9,1621076759,200,10.27999997138977,1621092422.335,1621092432.615,f3d693d2-9b31-4b56-a739-fcd09eca877a,5,1129409512n,1539456Ki,,,367461097n,1231956Ki,608045411n,1181520Ki,,,1,2.580185651779175
,,,,,500,87.32299995422363,1621092345.334,1621092432.657,6f56a6b0-d9ec-4d16-8185-ff44281c6fbf,5,1129409512n,1539456Ki,,,367461097n,1231956Ki,608045411n,1181520Ki,,,1,
,,,,,500,59.61899995803833,1621092374.334,1621092433.953,1d35dfd6-3e5c-4ab7-b55d-858fbddd8b1c,5,1129409512n,1539456Ki,,,367461097n,1231956Ki,608045411n,1181520Ki,,,800m,
,,,,,500,97.7889997959137,1621092337.334,1621092435.123,0b1862ca-d319-4d76-8394-577f3e2669e2,5,1129409512n,1539456Ki,,,367461097n,1231956Ki,608045411n,1181520Ki,,,800m,
1621092427.9075532,1621092438.82709,10.919536828994751,9778444f-005a-47f6-9961-a3f641caadf9,1621076759,200,11.75599980354309,1621092425.334,1621092437.09,a68fd712-076d-4010-a7d6-5b27e6fe8e25,5,1088199513n,1459116Ki,,,327803446n,1217388Ki,,,,,1200m,2.5735530853271484
,,,,,500,69.91799998283386,1621092369.334,1621092439.252,02fdb7be-3eea-48d5-89a3-a499967e71d2,5,1088199513n,1459116Ki,,,327803446n,1217388Ki,,,,,1100m,
,,,,,500,58.06099987030029,1621092381.341,1621092439.402,c3501a5f-6624-44ef-bf81-a0435a68d1aa,5,1088199513n,1459116Ki,,,327803446n,1217388Ki,,,,,1100m,
1621092425.57144,1621092441.4521258,15.880685806274414,9778444f-005a-47f6-9961-a3f641caadf9,1621076759,200,16.423999786376953,1621092423.334,1621092439.758,8f21b352-9cde-4274-a632-c35c45219691,5,1088199513n,1459116Ki,,,327803446n,1217388Ki,,,,,1100m,2.2374398708343506
,,,,,500,63.16099977493286,1621092378.334,1621092441.495,589d51c9-8f50-41da-b7fd-e2480de675cd,5,1088199513n,1459116Ki,,,327803446n,1217388Ki,,,,,1,
1621092431.7452538,1621092443.5389688,11.793715000152588,9778444f-005a-47f6-9961-a3f641caadf9,1621076759,200,13.473999977111816,1621092428.334,1621092441.808,4931356a-59a7-436b-b21d-1e08110f3fa1,5,1088199513n,1459116Ki,,,327803446n,1217388Ki,,,,,1,3.4112536907196045
1621092428.8622968,1621092443.7963655,14.93406867980957,9778444f-005a-47f6-9961-a3f641caadf9,1621076759,200,15.747999906539917,1621092426.335,1621092442.083,4ef4a8e1-7ed9-451d-829e-148e6ab1ab4e,5,1088199513n,1459116Ki,,,327803446n,1217388Ki,,,,,1100m,2.527296781539917
1621092399.785716,1621092443.8933356,44.107619524002075,f5fb6605-eccd-4121-95ab-9a6cd9fe2243,1621076759,200,54.00499987602234,1621092388.334,1621092442.339,c6fe48ec-4f9d-4c66-8011-d4a18498630b,5,1088199513n,1459116Ki,,,327803446n,1217388Ki,,,,,1100m,11.45171594619751
,,,,,500,66.53799986839294,1621092377.334,1621092443.872,322ae667-c68c-46de-a24d-733281bfd699,5,1088199513n,1459116Ki,,,327803446n,1217388Ki,,,,,1100m,
1621092430.4847298,1621092446.2283182,15.7435884475708,9778444f-005a-47f6-9961-a3f641caadf9,1621076759,200,17.158999919891357,1621092427.334,1621092444.493,c75cb359-32c0-4f2e-9abf-32238dd84cf5,5,1088199513n,1459116Ki,,,327803446n,1217388Ki,,,,,1100m,3.1507296562194824
,,,,,500,65.84400010108948,1621092379.373,1621092445.217,ce126e43-7037-4410-8fe8-75ee376a5557,5,1088199513n,1459116Ki,,,327803446n,1217388Ki,,,,,1100m,
1621092426.842469,1621092447.12538,20.2829110622406,f5fb6605-eccd-4121-95ab-9a6cd9fe2243,1621076759,200,29.132999897003174,1621092416.335,1621092445.468,1c4fc227-6bd7-482d-b0a5-ae240ad02b8e,5,1088199513n,1459116Ki,,,327803446n,1217388Ki,,,,,1100m,10.507468938827515
,,,,,500,53.639999866485596,1621092394.334,1621092447.974,857a6ee3-9d90-4b93-9b51-eeeda3d5bad0,5,1088199513n,1459116Ki,,,327803446n,1217388Ki,,,,,899m,
1621092433.9558613,1621092450.7893226,16.83346128463745,9778444f-005a-47f6-9961-a3f641caadf9,1621076759,200,17.728999853134155,1621092431.334,1621092449.063,441a820b-5a52-4056-b613-917782983e8c,5,1088199513n,1459116Ki,,,327803446n,1217388Ki,,,,,900m,2.621861219406128
1621092441.0587938,1621092450.772518,9.713724136352539,9778444f-005a-47f6-9961-a3f641caadf9,1621076759,200,10.899999856948853,1621092438.334,1621092449.234,efdc79d5-1186-4d88-89f1-d9f7a531d4b1,5,1088199513n,1459116Ki,,,327803446n,1217388Ki,,,,,900m,2.7247936725616455
,,,,,500,47.49300003051758,1621092402.335,1621092449.828,fa38fea7-74a2-40d6-b266-3603eed497dc,5,1088199513n,1459116Ki,,,327803446n,1217388Ki,,,,,900m,
1621092438.6762872,1621092453.6014597,14.925172567367554,9778444f-005a-47f6-9961-a3f641caadf9,1621076759,200,16.555999994277954,1621092435.336,1621092451.892,23dfa877-92d3-4fb1-9e1b-425a41ce9e76,5,1088199513n,1459116Ki,,,327803446n,1217388Ki,,,,,799m,3.340287208557129
1621092434.566202,1621092453.972167,19.405965089797974,9778444f-005a-47f6-9961-a3f641caadf9,1621076759,200,21.889999866485596,1621092430.334,1621092452.224,16783892-5b4e-49f8-8657-90484f9b7e54,5,1088199513n,1459116Ki,,,327803446n,1217388Ki,,,,,699m,4.232201814651489
,,,,,500,50.103999853134155,1621092403.334,1621092453.438,2c0ef909-c6a2-4ff4-8c59-3b3a85773a3b,5,1088199513n,1459116Ki,,,327803446n,1217388Ki,,,,,699m,
,,,,,500,69.17300009727478,1621092386.336,1621092455.509,ff2d08bc-fd3b-40d6-b862-7ffe7dfbf219,5,1088199513n,1459116Ki,,,327803446n,1217388Ki,,,,,800m,
1621092440.2602742,1621092459.42747,19.167195796966553,9778444f-005a-47f6-9961-a3f641caadf9,1621076759,200,21.47499990463257,1621092436.334,1621092457.809,254b003a-3b4a-4132-91fa-2edc6098bad8,5,1088199513n,1459116Ki,,,327803446n,1217388Ki,,,,,600m,3.926274061203003
,,,,,500,43.53599977493286,1621092414.334,1621092457.87,5e14df2b-c71d-4610-aa40-d3fb0659b265,5,1088199513n,1459116Ki,,,327803446n,1217388Ki,,,,,600m,
1621092447.5339131,1621092459.8429003,12.308987140655518,9778444f-005a-47f6-9961-a3f641caadf9,1621076759,200,12.763000011444092,1621092445.338,1621092458.101,48c6da25-0fa0-44f7-a1f3-e51cff422c46,5,1088199513n,1459116Ki,,,327803446n,1217388Ki,,,,,600m,2.195913076400757
1621092437.697359,1621092459.8884192,22.191060066223145,9778444f-005a-47f6-9961-a3f641caadf9,1621076759,200,24.811999797821045,1621092433.334,1621092458.146,c084cec3-6c17-4e93-bc84-35b57bc00c07,5,1088199513n,1459116Ki,,,327803446n,1217388Ki,,,,,600m,4.363358974456787
1621092435.070033,1621092460.7908456,25.720812559127808,9778444f-005a-47f6-9961-a3f641caadf9,1621076759,200,26.75,1621092432.336,1621092459.086,dc8a4df5-98b6-4c37-851b-f9953b6a3e97,5,1088199513n,1459116Ki,,,327803446n,1217388Ki,,,,,599m,2.7340331077575684
,,,,,500,47.5719997882843,1621092412.334,1621092459.906,1db263b5-4445-483e-a9de-54ea22c994a0,5,1088199513n,1459116Ki,,,327803446n,1217388Ki,,,,,599m,
1621092442.1533446,1621092461.6374114,19.48406672477722,9778444f-005a-47f6-9961-a3f641caadf9,1621076759,200,22.664999961853027,1621092437.334,1621092459.999,b9192210-f171-42f9-b469-929c77a7be9e,5,1088199513n,1459116Ki,,,327803446n,1217388Ki,,,,,599m,4.819344520568848
1621092446.0374374,1621092462.4190798,16.38164234161377,9778444f-005a-47f6-9961-a3f641caadf9,1621076759,200,17.83799982070923,1621092442.844,1621092460.682,e26047b7-23bd-4dc1-b43e-5be075d0040c,5,1088199513n,1459116Ki,,,327803446n,1217388Ki,,,,,599m,3.193437337875366
1621092444.8043392,1621092462.8238974,18.01955819129944,9778444f-005a-47f6-9961-a3f641caadf9,1621076759,200,19.51099991798401,1621092441.589,1621092461.1,6f09bd11-f8d8-4620-b2c3-c5af01c816b2,5,1088199513n,1459116Ki,,,327803446n,1217388Ki,,,,,599m,3.215339183807373
1621092451.8710237,1621092463.1030955,11.232071876525879,9778444f-005a-47f6-9961-a3f641caadf9,1621076759,200,14.771999835968018,1621092446.588,1621092461.36,1980ab4b-cef4-4c76-a753-884588795904,5,1088199513n,1459116Ki,,,327803446n,1217388Ki,,,,,599m,5.2830235958099365
1621092444.4328406,1621092463.827976,19.395135402679443,9778444f-005a-47f6-9961-a3f641caadf9,1621076759,200,21.75499987602234,1621092440.338,1621092462.093,d0d4a489-882a-412d-84ef-eb12f1ddaeef,5,1088199513n,1459116Ki,,,327803446n,1217388Ki,,,,,500m,4.0948405265808105
1621092454.654943,1621092464.562207,9.907263994216919,9778444f-005a-47f6-9961-a3f641caadf9,1621076759,200,11.641999959945679,1621092451.173,1621092462.815,316449db-c223-4f3f-9263-a6e701383fee,5,1088199513n,1459116Ki,,,327803446n,1217388Ki,,,,,500m,3.481942892074585
1621092455.4538655,1621092466.1650858,10.711220264434814,9778444f-005a-47f6-9961-a3f641caadf9,1621076759,200,11.574999809265137,1621092452.844,1621092464.419,46d3b5f6-4225-4bb9-856a-842c8ec1b304,5,1088199513n,1459116Ki,,,327803446n,1217388Ki,,,,,400m,2.609865427017212
,,,,,500,66.23999977111816,1621092398.334,1621092464.574,4f2aabec-62da-4722-a3d6-f4a2aed275fe,5,1088199513n,1459116Ki,,,327803446n,1217388Ki,,,,,400m,
1621092453.2479768,1621092467.2606902,14.012713432312012,9778444f-005a-47f6-9961-a3f641caadf9,1621076759,200,16.005000114440918,1621092449.508,1621092465.513,7c7a9381-9e30-4dec-aebc-18e50ad8a43c,5,1088199513n,1459116Ki,,,327803446n,1217388Ki,,,,,400m,3.7399768829345703
1621092402.0725195,1621092467.4027407,65.33022117614746,37e67ea1-cf98-4ae8-a8ab-648705e1ae44,1621076759,200,80.41000008583069,1621092385.336,1621092465.746,7bb628a0-eb26-4e51-b331-6743ee8fc626,5,1088199513n,1459116Ki,,,327803446n,1217388Ki,,,,,400m,16.73651957511902
1621092422.3470144,1621092467.9528964,45.60588192939758,37e67ea1-cf98-4ae8-a8ab-648705e1ae44,1621076759,200,73.96499991416931,1621092392.334,1621092466.299,9266acb1-83cd-46b7-9037-917ebd4e6377,5,1088199513n,1459116Ki,,,327803446n,1217388Ki,,,,,400m,30.013014316558838
1621092458.511105,1621092468.3634517,9.852346658706665,9778444f-005a-47f6-9961-a3f641caadf9,1621076759,200,12.106000185012817,1621092454.511,1621092466.617,cdb89ace-6609-4a73-8a85-3af438354531,5,1088199513n,1459116Ki,,,327803446n,1217388Ki,,,,,300m,4.000105142593384
1621092462.9825213,1621092469.318674,6.336152791976929,9778444f-005a-47f6-9961-a3f641caadf9,1621076759,200,8.059000015258789,1621092459.512,1621092467.571,17166bcd-a915-433f-b4fc-486d26ef9f45,5,1088199513n,1459116Ki,,,327803446n,1217388Ki,,,,,399m,3.4705212116241455
1621092464.7674997,1621092470.1551216,5.387621879577637,9778444f-005a-47f6-9961-a3f641caadf9,1621076759,200,6.391000032424927,1621092462.012,1621092468.403,bb154b05-fab3-48c8-bc4f-819260041f16,5,1088199513n,1459116Ki,,,327803446n,1217388Ki,,,,,399m,2.7554996013641357
,,,,,500,100.12899994850159,1621092370.334,1621092470.463,e1cea47c-fcee-4ee2-ac55-bd2c6afe7ae6,5,1088199513n,1459116Ki,,,327803446n,1217388Ki,,,,,399m,
1621092394.4890866,1621092472.3966055,77.90751886367798,37e67ea1-cf98-4ae8-a8ab-648705e1ae44,1621076759,200,90.40399980545044,1621092380.364,1621092470.768,d60af367-7ea9-4189-9194-4bc914620fe5,5,1088199513n,1459116Ki,,,327803446n,1217388Ki,,,,,399m,14.125086545944214
1621092469.0970263,1621092472.6973665,3.6003401279449463,9778444f-005a-47f6-9961-a3f641caadf9,1621076759,200,3.933000087738037,1621092467.013,1621092470.946,e0040878-90c0-455b-b963-94741f4e4a74,5,1088199513n,1459116Ki,,,327803446n,1217388Ki,,,,,399m,2.084026336669922
1621092436.3440685,1621092475.6247792,39.28071069717407,37e67ea1-cf98-4ae8-a8ab-648705e1ae44,1621076759,200,60.58200001716614,1621092413.336,1621092473.918,ad49988d-9b26-46f3-899b-5994ee69134f,5,1088199513n,1459116Ki,,,327803446n,1217388Ki,,,,,200m,23.008068561553955
1621092422.4357944,1621092476.1244805,53.68868613243103,37e67ea1-cf98-4ae8-a8ab-648705e1ae44,1621076759,200,78.12099981307983,1621092396.334,1621092474.455,bf844694-00fc-4508-aafb-430763332bc0,5,1088199513n,1459116Ki,,,327803446n,1217388Ki,,,,,200m,26.101794242858887
1621092435.9429824,1621092478.2960212,42.3530387878418,37e67ea1-cf98-4ae8-a8ab-648705e1ae44,1621076759,200,70.25799989700317,1621092406.334,1621092476.592,4c457dac-a356-44ac-a9e8-3672bbec43a9,5,1088199513n,1459116Ki,,,327803446n,1217388Ki,,,,,200m,29.60898232460022
1621092426.098856,1621092478.460901,52.36204504966736,37e67ea1-cf98-4ae8-a8ab-648705e1ae44,1621076759,200,77.47099995613098,1621092399.334,1621092476.805,ad2d849c-6079-4ce7-b952-a86237becb41,5,1088199513n,1459116Ki,,,327803446n,1217388Ki,,,,,200m,26.76485586166382
1621092447.774227,1621092478.8436685,31.069441556930542,37e67ea1-cf98-4ae8-a8ab-648705e1ae44,1621076759,200,42.82699990272522,1621092434.334,1621092477.161,728c16f7-9889-4ffc-bacd-c7232a785149,5,1088199513n,1459116Ki,,,327803446n,1217388Ki,,,,,100m,13.440226793289185
1621092454.3454952,1621092480.4408245,26.09532928466797,37e67ea1-cf98-4ae8-a8ab-648705e1ae44,1621076759,200,34.64999985694885,1621092444.088,1621092478.738,63bc771e-e012-4c9e-b0c6-dca4ca96d692,5,1088199513n,1459116Ki,,,327803446n,1217388Ki,,,,,100m,10.257495164871216
1621092408.7726576,1621092480.9998777,72.22722005844116,c4591959-f4bc-4ef7-9774-7854f9d84cc3,1621076758,200,95.0719997882843,1621092384.334,1621092479.406,c4d1b010-917f-4673-a398-d2daf5523216,5,1088199513n,1459116Ki,,,327803446n,1217388Ki,,,,,0,24.438657522201538
1621092465.1469197,1621092481.3257642,16.178844451904297,37e67ea1-cf98-4ae8-a8ab-648705e1ae44,1621076759,200,22.625,1621092457.012,1621092479.637,00f7bfbc-3a59-4f2d-8847-8d0624734e65,5,1088199513n,1459116Ki,,,327803446n,1217388Ki,,,,,0,8.1349196434021
1621092479.1796923,1621092483.0460153,3.8663229942321777,9778444f-005a-47f6-9961-a3f641caadf9,1621076759,200,4.2840001583099365,1621092477.014,1621092481.298,7504ec65-26b2-4dae-a457-4d74e41a69c8,5,1088199513n,1459116Ki,,,327803446n,1217388Ki,,,,,0,2.1656923294067383
1621092423.5341935,1621092484.9401894,61.40599584579468,c4591959-f4bc-4ef7-9774-7854f9d84cc3,1621076758,200,82.92400002479553,1621092400.336,1621092483.26,fabef42c-cc1a-49e5-b456-2eaa2dadb7b4,5,1088199513n,1459116Ki,,,327803446n,1217388Ki,,,,,99m,23.198193550109863
1621092452.727626,1621092486.3602023,33.63257622718811,c4591959-f4bc-4ef7-9774-7854f9d84cc3,1621076758,200,60.43299984931946,1621092424.334,1621092484.767,73b6f49a-6cd8-4e3a-8198-f516519e7179,5,1088199513n,1459116Ki,,,327803446n,1217388Ki,,,,,99m,28.39362597465515
1621092455.3862267,1621092487.308639,31.922412395477295,c4591959-f4bc-4ef7-9774-7854f9d84cc3,1621076758,200,37.72000002861023,1621092447.839,1621092485.559,033c8495-7710-4a41-bb7f-a5e7841dd8bd,5,1088199513n,1459116Ki,,,327803446n,1217388Ki,,,,,99m,7.547226667404175
1621092488.9759917,1621092491.7708366,2.79484486579895,9778444f-005a-47f6-9961-a3f641caadf9,1621076759,200,3.006999969482422,1621092487.014,1621092490.021,d5f3eed3-72aa-4e13-b496-6c33e3d542e0,5,1088199513n,1459116Ki,,,327803446n,1217388Ki,,,,,200m,1.961991786956787
1621092390.936895,1621092492.8290133,101.89211845397949,add07565-7d27-43ff-bb27-f7d123d74a90,1621076758,200,119.75399994850159,1621092371.334,1621092491.088,cbde1460-21d9-4d1a-9af2-458a5490b3a1,5,1088199513n,1459116Ki,,,327803446n,1217388Ki,,,,,200m,19.60289478302002
1621092432.4684203,1621092497.2216377,64.75321745872498,add07565-7d27-43ff-bb27-f7d123d74a90,1621076758,200,90.26299977302551,1621092405.334,1621092495.597,f4a397cb-0ad4-403d-ac7f-3b22ac845bfb,5,3970697198n,2105168Ki,,,452746423n,1228596Ki,470270851n,1155864Ki,0,1498640Ki,100m,27.134420156478882
1621092432.470102,1621092497.3754578,64.90535569190979,add07565-7d27-43ff-bb27-f7d123d74a90,1621076758,200,88.30099987983704,1621092407.334,1621092495.635,f6335afc-b8ca-4757-b06a-5ff809440595,5,3970697198n,2105168Ki,,,452746423n,1228596Ki,470270851n,1155864Ki,0,1498640Ki,100m,25.136101961135864
1621092448.3404155,1621092497.3415468,49.00113129615784,add07565-7d27-43ff-bb27-f7d123d74a90,1621076758,200,66.375,1621092429.334,1621092495.709,67ae3b9f-5226-4349-a7c9-9521e0186ee7,5,3970697198n,2105168Ki,,,452746423n,1228596Ki,470270851n,1155864Ki,0,1498640Ki,100m,19.006415367126465
1621092422.0792003,1621092497.5982082,75.51900792121887,add07565-7d27-43ff-bb27-f7d123d74a90,1621076758,200,113.52999997138977,1621092382.334,1621092495.864,086e9ebe-d17f-41fb-8f79-45ba9cfeeb6f,5,3970697198n,2105168Ki,,,452746423n,1228596Ki,470270851n,1155864Ki,0,1498640Ki,100m,39.74520015716553
1621092434.5671403,1621092497.9879758,63.42083549499512,add07565-7d27-43ff-bb27-f7d123d74a90,1621076758,200,94.91499996185303,1621092401.334,1621092496.249,c862372c-7dad-4715-a838-4a3dea1e6ca2,5,3970697198n,2105168Ki,,,452746423n,1228596Ki,470270851n,1155864Ki,0,1498640Ki,100m,33.23314023017883
1621092428.0888991,1621092498.7503738,70.66147470474243,add07565-7d27-43ff-bb27-f7d123d74a90,1621076758,200,92.7189998626709,1621092404.334,1621092497.053,08b5323b-d894-436e-ad76-df663af4664e,5,3970697198n,2105168Ki,,,452746423n,1228596Ki,470270851n,1155864Ki,0,1498640Ki,100m,23.75489902496338
1621092467.7850118,1621092499.9067845,32.12177276611328,add07565-7d27-43ff-bb27-f7d123d74a90,1621076758,200,58.8529999256134,1621092439.334,1621092498.187,8004ab4e-361a-4ec8-b89d-c9e1cd476d59,5,3970697198n,2105168Ki,,,452746423n,1228596Ki,470270851n,1155864Ki,0,1498640Ki,100m,28.451011657714844
1621092438.4571342,1621092500.2402673,61.783133029937744,add07565-7d27-43ff-bb27-f7d123d74a90,1621076758,200,83.17499995231628,1621092415.334,1621092498.509,77f91451-c124-40d7-8a75-6e0011c9ef2f,5,3970697198n,2105168Ki,,,452746423n,1228596Ki,470270851n,1155864Ki,0,1498640Ki,100m,23.12313413619995
1621092499.0104785,1621092502.430741,3.420262575149536,37e67ea1-cf98-4ae8-a8ab-648705e1ae44,1621076759,200,3.7139999866485596,1621092497.014,1621092500.728,2f96d751-bebf-4cf3-8f79-6f38802a7266,5,3970697198n,2105168Ki,,,452746423n,1228596Ki,470270851n,1155864Ki,0,1498640Ki,100m,1.99647855758667
1621092508.9554384,1621092511.0679445,2.112506151199341,c4591959-f4bc-4ef7-9774-7854f9d84cc3,1621076758,200,2.318000078201294,1621092507.014,1621092509.332,dd573a3e-b875-4384-bc44-c227aac5a04d,5,643990873n,1504432Ki,0,853280Ki,148678477n,1235740Ki,627911344n,1178120Ki,525649809n,1121464Ki,0,1.9414384365081787
1621092518.8861525,1621092520.8865938,2.000441312789917,c4591959-f4bc-4ef7-9774-7854f9d84cc3,1621076758,200,2.1419999599456787,1621092517.014,1621092519.156,d40cbd78-639a-49c5-a64a-22c0eb1cd5e3,5,643990873n,1504432Ki,0,853280Ki,148678477n,1235740Ki,627911344n,1178120Ki,525649809n,1121464Ki,100m,1.87215256690979
1621092528.8842702,1621092530.9129317,2.0286614894866943,add07565-7d27-43ff-bb27-f7d123d74a90,1621076758,200,2.1730000972747803,1621092527.013,1621092529.186,eb489d77-f05a-4daf-a459-ce9b8b2e9caa,5,643990873n,1504432Ki,0,853280Ki,148678477n,1235740Ki,627911344n,1178120Ki,525649809n,1121464Ki,200m,1.8712701797485352
1621092538.8603024,1621092540.954401,2.0940985679626465,f5fb6605-eccd-4121-95ab-9a6cd9fe2243,1621076759,200,2.2339999675750732,1621092537.013,1621092539.247,37e6b0de-788f-46c9-9344-cee8b04f0da0,5,643990873n,1504432Ki,0,853280Ki,148678477n,1235740Ki,627911344n,1178120Ki,525649809n,1121464Ki,100m,1.8473024368286133
1621092548.900148,1621092550.6914966,1.7913486957550049,9778444f-005a-47f6-9961-a3f641caadf9,1621076759,200,1.9279999732971191,1621092547.014,1621092548.942,44d4f284-254b-417f-8ce8-b9903805b6e2,5,643990873n,1504432Ki,0,853280Ki,148678477n,1235740Ki,627911344n,1178120Ki,525649809n,1121464Ki,0,1.8861479759216309
1621092558.8652081,1621092560.8723166,2.007108449935913,f5fb6605-eccd-4121-95ab-9a6cd9fe2243,1621076759,200,2.1519999504089355,1621092557.013,1621092559.165,a48eda7b-4cc1-4864-bc0d-4d08cede186f,5,643990873n,1504432Ki,0,853280Ki,148678477n,1235740Ki,627911344n,1178120Ki,525649809n,1121464Ki,200m,1.852208137512207
1621092568.982771,1621092571.0151818,2.0324108600616455,c4591959-f4bc-4ef7-9774-7854f9d84cc3,1621076758,200,2.2829999923706055,1621092567.014,1621092569.297,8c509b66-14c4-4173-94d9-114fef35e7d2,5,239021787n,1508508Ki,145155931n,878576Ki,136572864n,1234800Ki,242130746n,1166720Ki,359684600n,1028324Ki,0,1.968770980834961
1621092578.8622334,1621092580.9985342,2.136300802230835,f5fb6605-eccd-4121-95ab-9a6cd9fe2243,1621076759,200,2.2799999713897705,1621092577.013,1621092579.293,bb948503-c522-49bb-a448-dac0481c2bc9,5,239021787n,1508508Ki,145155931n,878576Ki,136572864n,1234800Ki,242130746n,1166720Ki,359684600n,1028324Ki,100m,1.8492333889007568
1621092588.8556356,1621092590.9775374,2.121901750564575,f5fb6605-eccd-4121-95ab-9a6cd9fe2243,1621076759,200,2.259000062942505,1621092587.014,1621092589.273,33a9dcdf-6158-477c-b305-b5f696f616a6,5,239021787n,1508508Ki,145155931n,878576Ki,136572864n,1234800Ki,242130746n,1166720Ki,359684600n,1028324Ki,100m,1.8416357040405273
1621092598.8804164,1621092600.8804626,2.0000462532043457,c4591959-f4bc-4ef7-9774-7854f9d84cc3,1621076758,200,2.1519999504089355,1621092597.014,1621092599.166,1be4cad9-3cc5-4b46-b5cd-dbd86f909edd,5,239021787n,1508508Ki,145155931n,878576Ki,136572864n,1234800Ki,242130746n,1166720Ki,359684600n,1028324Ki,100m,1.8664164543151855
1621092608.8888295,1621092610.853839,1.9650094509124756,37e67ea1-cf98-4ae8-a8ab-648705e1ae44,1621076759,200,2.134999990463257,1621092607.014,1621092609.149,baa364e5-6617-4d59-b3bf-29a7b7ad736c,5,239021787n,1508508Ki,145155931n,878576Ki,136572864n,1234800Ki,242130746n,1166720Ki,359684600n,1028324Ki,200m,1.8748295307159424
1621092618.8793755,1621092621.1302388,2.2508633136749268,37e67ea1-cf98-4ae8-a8ab-648705e1ae44,1621076759,200,2.4120001792907715,1621092617.014,1621092619.426,d87b96ef-dcf6-4e50-8131-aad8cf81202d,5,239021787n,1508508Ki,145155931n,878576Ki,136572864n,1234800Ki,242130746n,1166720Ki,359684600n,1028324Ki,100m,1.8653755187988281
1621092628.871309,1621092630.7673316,1.8960225582122803,c4591959-f4bc-4ef7-9774-7854f9d84cc3,1621076758,200,2.0260000228881836,1621092628.743,1621092630.769,edf0b566-d0c8-4189-a71b-df277fb68923,5,244061870n,1506436Ki,151437358n,887272Ki,139009582n,1237340Ki,201752832n,1183316Ki,379846921n,1038528Ki,100m,0.12830901145935059
1621092638.8808274,1621092640.6356788,1.7548513412475586,9778444f-005a-47f6-9961-a3f641caadf9,1621076759,200,1.8889999389648438,1621092638.743,1621092640.632,3f4cd31f-d311-4c5f-a383-0cab99806e31,5,244061870n,1506436Ki,151437358n,887272Ki,139009582n,1237340Ki,201752832n,1183316Ki,379846921n,1038528Ki,0,0.13782739639282227
1621092648.87367,1621092650.8880432,2.0143730640411377,add07565-7d27-43ff-bb27-f7d123d74a90,1621076758,200,2.1489999294281006,1621092648.743,1621092650.892,f781ff14-4365-4042-a447-63a348c8c8fd,5,244061870n,1506436Ki,151437358n,887272Ki,139009582n,1237340Ki,201752832n,1183316Ki,379846921n,1038528Ki,199m,0.13067007064819336
1621092658.8816347,1621092661.0379775,2.1563427448272705,add07565-7d27-43ff-bb27-f7d123d74a90,1621076758,200,2.2920000553131104,1621092658.743,1621092661.035,4ab44571-b5c5-4d8b-9b79-6a9d18d08287,5,244061870n,1506436Ki,151437358n,887272Ki,139009582n,1237340Ki,201752832n,1183316Ki,379846921n,1038528Ki,0,0.13863468170166016
1621092668.8740718,1621092670.9547231,2.08065128326416,37e67ea1-cf98-4ae8-a8ab-648705e1ae44,1621076759,200,2.2149999141693115,1621092668.743,1621092670.958,551f0cb9-d5a7-467f-92a3-0d9e3b16e568,5,244061870n,1506436Ki,151437358n,887272Ki,139009582n,1237340Ki,201752832n,1183316Ki,379846921n,1038528Ki,100m,0.1310718059539795
1621092678.9957385,1621092681.4222054,2.426466941833496,f5fb6605-eccd-4121-95ab-9a6cd9fe2243,1621076759,200,2.672999858856201,1621092678.743,1621092681.416,119493e4-3466-4892-848f-93a05dbc0f14,5,244061870n,1506436Ki,151437358n,887272Ki,139009582n,1237340Ki,201752832n,1183316Ki,379846921n,1038528Ki,100m,0.25273847579956055
1621092688.882553,1621092690.9939594,2.1114063262939453,37e67ea1-cf98-4ae8-a8ab-648705e1ae44,1621076759,200,2.241999864578247,1621092688.743,1621092690.985,68982893-634e-425a-a3c4-334e3301f1d6,5,529385806n,1507284Ki,144524631n,894532Ki,305323370n,1244768Ki,304932572n,1167292Ki,561702928n,1047564Ki,100m,0.13955307006835938
1621092698.8910937,1621092700.9390373,2.047943592071533,c4591959-f4bc-4ef7-9774-7854f9d84cc3,1621076758,200,2.191999912261963,1621092698.743,1621092700.935,eb1247b4-3975-4e20-b4bc-39f6b3553469,5,529385806n,1507284Ki,144524631n,894532Ki,305323370n,1244768Ki,304932572n,1167292Ki,561702928n,1047564Ki,200m,0.14809370040893555
1621092708.879958,1621092710.7662952,1.8863372802734375,37e67ea1-cf98-4ae8-a8ab-648705e1ae44,1621076759,200,2.01200008392334,1621092708.743,1621092710.755,057e7a3b-4592-4eef-954e-5bfb82024f83,5,529385806n,1507284Ki,144524631n,894532Ki,305323370n,1244768Ki,304932572n,1167292Ki,561702928n,1047564Ki,0,0.13695788383483887
1621092718.9124336,1621092721.0140166,2.1015830039978027,add07565-7d27-43ff-bb27-f7d123d74a90,1621076758,200,2.2679998874664307,1621092718.743,1621092721.011,bcdc5030-0674-4cde-ade4-3604f39e3637,5,529385806n,1507284Ki,144524631n,894532Ki,305323370n,1244768Ki,304932572n,1167292Ki,561702928n,1047564Ki,100m,0.16943359375
1621092728.8780432,1621092731.0867984,2.2087552547454834,c4591959-f4bc-4ef7-9774-7854f9d84cc3,1621076758,200,2.3420000076293945,1621092728.743,1621092731.085,e0059906-4eb6-4c18-8ea8-3e22a0f4d34c,5,529385806n,1507284Ki,144524631n,894532Ki,305323370n,1244768Ki,304932572n,1167292Ki,561702928n,1047564Ki,200m,0.13504314422607422
1621092738.8821478,1621092740.7718756,1.8897278308868408,add07565-7d27-43ff-bb27-f7d123d74a90,1621076758,200,2.0260000228881836,1621092738.743,1621092740.769,5482274c-f8d4-4aa4-8f7c-4c81662fc496,5,529385806n,1507284Ki,144524631n,894532Ki,305323370n,1244768Ki,304932572n,1167292Ki,561702928n,1047564Ki,100m,0.13914775848388672
1621092748.91638,1621092750.8353944,1.9190144538879395,f5fb6605-eccd-4121-95ab-9a6cd9fe2243,1621076759,200,2.0739998817443848,1621092748.743,1621092750.817,054a7fa1-8942-409d-8f2f-cb935fe76335,5,282025969n,1506232Ki,378284047n,908840Ki,143103950n,1245016Ki,221823401n,1172324Ki,144533799n,1049708Ki,100m,0.17337989807128906
1621092758.8564334,1621092760.505696,1.6492626667022705,9778444f-005a-47f6-9961-a3f641caadf9,1621076759,200,1.7769999504089355,1621092758.743,1621092760.52,d398a78e-5d2a-49d7-a439-a02474d158f1,5,282025969n,1506232Ki,378284047n,908840Ki,143103950n,1245016Ki,221823401n,1172324Ki,144533799n,1049708Ki,100m,0.1134333610534668
1621092768.8947043,1621092770.8730106,1.9783062934875488,f5fb6605-eccd-4121-95ab-9a6cd9fe2243,1621076759,200,2.111999988555908,1621092768.743,1621092770.855,d9942c8b-69c8-44a5-a9fa-ff4a0d64930c,5,282025969n,1506232Ki,378284047n,908840Ki,143103950n,1245016Ki,221823401n,1172324Ki,144533799n,1049708Ki,0,0.1517043113708496
1621092778.8891692,1621092780.7584815,1.8693122863769531,f5fb6605-eccd-4121-95ab-9a6cd9fe2243,1621076759,200,1.997999906539917,1621092778.743,1621092780.741,e5353a69-41f9-4890-b24f-3b105c9b7125,4,282025969n,1506232Ki,378284047n,908840Ki,143103950n,1245016Ki,221823401n,1172324Ki,144533799n,1049708Ki,100m,0.14616918563842773
1621092788.9089322,1621092790.948599,2.0396668910980225,f5fb6605-eccd-4121-95ab-9a6cd9fe2243,1621076759,200,2.190999984741211,1621092788.743,1621092790.934,64ab53f8-156c-45fc-8817-267027801ed5,4,282025969n,1506232Ki,378284047n,908840Ki,143103950n,1245016Ki,221823401n,1172324Ki,144533799n,1049708Ki,100m,0.16593217849731445
1621092798.914743,1621092801.0723495,2.157606601715088,f5fb6605-eccd-4121-95ab-9a6cd9fe2243,1621076759,200,2.312000036239624,1621092798.743,1621092801.055,78ca92bf-ae57-44e7-8d04-5478e5507a14,4,282025969n,1506232Ki,378284047n,908840Ki,143103950n,1245016Ki,221823401n,1172324Ki,144533799n,1049708Ki,100m,0.17174291610717773
1621092808.9167624,1621092810.8765934,1.9598309993743896,f5fb6605-eccd-4121-95ab-9a6cd9fe2243,1621076759,200,2.115999937057495,1621092808.743,1621092810.859,373625eb-00f6-406c-9015-60161058a687,3,285249790n,1504584Ki,189073684n,956292Ki,164371630n,1245888Ki,204458623n,1174336Ki,374787516n,1091880Ki,100m,0.17376232147216797
1621092818.9047236,1621092820.7933676,1.8886439800262451,f5fb6605-eccd-4121-95ab-9a6cd9fe2243,1621076759,200,2.0320000648498535,1621092818.743,1621092820.775,a87910d2-e3ff-4d33-816c-b70e28bdcac1,1,285249790n,1504584Ki,189073684n,956292Ki,164371630n,1245888Ki,204458623n,1174336Ki,374787516n,1091880Ki,100m,0.16172361373901367
1621092828.892129,1621092830.7017853,1.8096563816070557,f5fb6605-eccd-4121-95ab-9a6cd9fe2243,1621076759,200,1.940000057220459,1621092828.743,1621092830.683,86b1fa52-60dc-4eb7-aa95-40fae006f3a3,1,285249790n,1504584Ki,189073684n,956292Ki,164371630n,1245888Ki,204458623n,1174336Ki,374787516n,1091880Ki,100m,0.14912891387939453
1621092838.896975,1621092840.7473047,1.8503296375274658,f5fb6605-eccd-4121-95ab-9a6cd9fe2243,1621076759,200,1.9909999370574951,1621092838.743,1621092840.734,c22307bb-6e25-464d-ba1f-cd501c00d8c8,1,285249790n,1504584Ki,189073684n,956292Ki,164371630n,1245888Ki,204458623n,1174336Ki,374787516n,1091880Ki,100m,0.1539750099182129
1621092848.8889005,1621092850.6262963,1.7373957633972168,f5fb6605-eccd-4121-95ab-9a6cd9fe2243,1621076759,200,1.8640000820159912,1621092848.743,1621092850.607,f6f5536c-bafd-4154-881d-705e12c7ada6,1,285249790n,1504584Ki,189073684n,956292Ki,164371630n,1245888Ki,204458623n,1174336Ki,374787516n,1091880Ki,200m,0.14590048789978027
1621092858.90156,1621092860.974518,2.072957992553711,f5fb6605-eccd-4121-95ab-9a6cd9fe2243,1621076759,200,2.2170000076293945,1621092858.743,1621092860.96,0a37d21d-a9d7-44b3-a55c-95778c9f8cd2,1,285249790n,1504584Ki,189073684n,956292Ki,164371630n,1245888Ki,204458623n,1174336Ki,374787516n,1091880Ki,100m,0.15856003761291504
1621092868.9079816,1621092870.8174973,1.909515619277954,f5fb6605-eccd-4121-95ab-9a6cd9fe2243,1621076759,200,2.055000066757202,1621092868.743,1621092870.798,fc3ec9c9-f226-4eea-9971-b71769c7dc69,1,262865233n,1492008Ki,149276802n,949916Ki,147243589n,1245528Ki,199816538n,1168852Ki,332631854n,1093272Ki,0,0.16498160362243652
1621092878.8910954,1621092880.8424346,1.9513392448425293,f5fb6605-eccd-4121-95ab-9a6cd9fe2243,1621076759,200,2.0809998512268066,1621092878.743,1621092880.824,fb736180-9434-4293-9dc0-202eda34a509,1,262865233n,1492008Ki,149276802n,949916Ki,147243589n,1245528Ki,199816538n,1168852Ki,332631854n,1093272Ki,100m,0.14809536933898926
1621092888.8998256,1621092890.8160717,1.9162461757659912,f5fb6605-eccd-4121-95ab-9a6cd9fe2243,1621076759,200,2.052999973297119,1621092888.743,1621092890.796,e45c94b8-6d66-4a21-8783-c927fb11f2ae,1,262865233n,1492008Ki,149276802n,949916Ki,147243589n,1245528Ki,199816538n,1168852Ki,332631854n,1093272Ki,100m,0.15682554244995117
1621092898.8966694,1621092900.725694,1.8290245532989502,f5fb6605-eccd-4121-95ab-9a6cd9fe2243,1621076759,200,1.9689998626708984,1621092898.743,1621092900.712,431fc767-e26b-42cf-b38f-50a3a8634eb2,1,262865233n,1492008Ki,149276802n,949916Ki,147243589n,1245528Ki,199816538n,1168852Ki,332631854n,1093272Ki,200m,0.1536693572998047
1621092908.8874552,1621092910.7783868,1.8909316062927246,f5fb6605-eccd-4121-95ab-9a6cd9fe2243,1621076759,200,2.0269999504089355,1621092908.743,1621092910.77,4a9cb18c-8c57-41a4-a59b-ec1530cbd284,1,262865233n,1492008Ki,149276802n,949916Ki,147243589n,1245528Ki,199816538n,1168852Ki,332631854n,1093272Ki,100m,0.1444551944732666
1621092918.884616,1621092920.7376678,1.8530519008636475,f5fb6605-eccd-4121-95ab-9a6cd9fe2243,1621076759,200,1.9909999370574951,1621092918.743,1621092920.734,4c941a9e-a210-4de4-951d-a008ba558cdd,1,262865233n,1492008Ki,149276802n,949916Ki,147243589n,1245528Ki,199816538n,1168852Ki,332631854n,1093272Ki,0,0.1416158676147461
1621092928.8746302,1621092930.733763,1.8591327667236328,f5fb6605-eccd-4121-95ab-9a6cd9fe2243,1621076759,200,1.9900000095367432,1621092928.743,1621092930.733,dd49468c-f54a-4a39-aed0-e6b9b35bedd8,1,242729591n,1493144Ki,122799662n,953956Ki,133173690n,1245620Ki,209846334n,1174172Ki,348673973n,1096780Ki,200m,0.13163018226623535
1621092938.8866124,1621092940.7147307,1.8281183242797852,f5fb6605-eccd-4121-95ab-9a6cd9fe2243,1621076759,200,1.9739999771118164,1621092938.743,1621092940.717,9ecc5258-a038-4c49-9c2e-e355d21dde81,1,242729591n,1493144Ki,122799662n,953956Ki,133173690n,1245620Ki,209846334n,1174172Ki,348673973n,1096780Ki,0,0.14361238479614258
1621092948.8656964,1621092950.5621161,1.6964197158813477,f5fb6605-eccd-4121-95ab-9a6cd9fe2243,1621076759,200,1.8250000476837158,1621092948.743,1621092950.568,def7ca5d-14af-4478-81d3-749364bb47a4,1,242729591n,1493144Ki,122799662n,953956Ki,133173690n,1245620Ki,209846334n,1174172Ki,348673973n,1096780Ki,100m,0.1226963996887207