statusCode,requestResponseLatency,requestTime,responseTime,requestId,replicas,s-4vcpu-8gb-5-default-pool-8ag0qCpuUsage,s-4vcpu-8gb-5-default-pool-8ag0qMemoryUsage,s-4vcpu-8gb-5-default-pool-8ag0cCpuUsage,s-4vcpu-8gb-5-default-pool-8ag0cMemoryUsage,s-4vcpu-8gb-5-default-pool-8ag07CpuUsage,s-4vcpu-8gb-5-default-pool-8ag07MemoryUsage,s-4vcpu-8gb-5-default-pool-8ag0mCpuUsage,s-4vcpu-8gb-5-default-pool-8ag0mMemoryUsage,s-4vcpu-8gb-5-default-pool-8ag0uCpuUsage,s-4vcpu-8gb-5-default-pool-8ag0uMemoryUsage,functionInvocationRate
500,5.351000070571899,1623493928.333,1623493933.684,e6b70e21-cffc-4e78-84dc-d18c0c158d7c,3,33322644n,670956Ki,44376581n,621624Ki,91975246n,734292Ki,75101501n,656740Ki,47895825n,745200Ki,
500,5.618000030517578,1623493929.329,1623493934.947,1df2be98-45b7-425f-bd6a-3fe330a067d8,3,33322644n,670956Ki,44376581n,621624Ki,91975246n,734292Ki,75101501n,656740Ki,47895825n,745200Ki,
500,5.295000076293945,1623493931.327,1623493936.622,e67968f5-167f-4156-96c8-7fa01041ac6d,3,33322644n,670956Ki,44376581n,621624Ki,91975246n,734292Ki,75101501n,656740Ki,47895825n,745200Ki,
500,5.319000005722046,1623493933.328,1623493938.647,f8a35a88-ce4d-4d51-8f6b-a327f8858df2,3,33322644n,670956Ki,44376581n,621624Ki,91975246n,734292Ki,75101501n,656740Ki,47895825n,745200Ki,
500,5.555999994277954,1623493937.326,1623493942.882,7dea5263-41bb-4b2f-b34c-f9c97bb6c38b,3,33322644n,670956Ki,44376581n,621624Ki,91975246n,734292Ki,75101501n,656740Ki,47895825n,745200Ki,
500,5.898000001907349,1623493938.329,1623493944.227,cbc10326-8eec-47ea-89d4-9ce78c9d2920,3,33322644n,670956Ki,44376581n,621624Ki,91975246n,734292Ki,75101501n,656740Ki,47895825n,745200Ki,
500,5.484000205993652,1623493941.327,1623493946.811,fb0866ff-db4d-465e-9926-4aa34fb19411,3,33322644n,670956Ki,44376581n,621624Ki,91975246n,734292Ki,75101501n,656740Ki,47895825n,745200Ki,
500,6.396999835968018,1623493942.328,1623493948.725,3198388a-462f-448d-93b1-ea59191aeb41,3,33322644n,670956Ki,44376581n,621624Ki,91975246n,734292Ki,75101501n,656740Ki,47895825n,745200Ki,
200,5.059000015258789,1623493944.329,1623493949.388,b94f6dc4-fb41-4f1e-9ece-c37a4ebb6dea,3,33322644n,670956Ki,44376581n,621624Ki,91975246n,734292Ki,75101501n,656740Ki,47895825n,745200Ki,
500,5.555999994277954,1623493945.328,1623493950.884,51a5f95e-7ebe-42b7-a84c-a87e25c5d95e,3,33322644n,670956Ki,44376581n,621624Ki,91975246n,734292Ki,75101501n,656740Ki,47895825n,745200Ki,
500,6.952999830245972,1623493946.328,1623493953.281,60f31912-278b-4346-937f-d4c41255d6c6,3,33322644n,670956Ki,44376581n,621624Ki,91975246n,734292Ki,75101501n,656740Ki,47895825n,745200Ki,
500,6.484000205993652,1623493948.327,1623493954.811,45dcece3-e539-4988-905b-4e00fbc22635,3,33322644n,670956Ki,44376581n,621624Ki,91975246n,734292Ki,75101501n,656740Ki,47895825n,745200Ki,
500,9.70900011062622,1623493947.329,1623493957.038,80203924-1323-456a-bc52-b205eab7a598,3,33322644n,670956Ki,44376581n,621624Ki,91975246n,734292Ki,75101501n,656740Ki,47895825n,745200Ki,
500,12.223000049591064,1623493950.328,1623493962.551,8b15de54-01ce-4667-9024-7ff88de01911,3,33322644n,670956Ki,44376581n,621624Ki,91975246n,734292Ki,75101501n,656740Ki,47895825n,745200Ki,
500,10.378999948501587,1623493952.328,1623493962.707,338482c9-0c2a-4508-9426-873167a0d421,3,33322644n,670956Ki,44376581n,621624Ki,91975246n,734292Ki,75101501n,656740Ki,47895825n,745200Ki,
500,10.095999956130981,1623493953.329,1623493963.425,5900b865-d5ed-44d4-b002-50b571695e27,3,33322644n,670956Ki,44376581n,621624Ki,91975246n,734292Ki,75101501n,656740Ki,47895825n,745200Ki,
500,14.243000030517578,1623493951.327,1623493965.57,14361292-fd0d-4f17-8848-2a2fb6592c83,3,33322644n,670956Ki,44376581n,621624Ki,91975246n,734292Ki,75101501n,656740Ki,47895825n,745200Ki,
500,8.325000047683716,1623493957.328,1623493965.653,183b7e09-65b7-4b6e-92e7-6e684ba85475,3,33322644n,670956Ki,44376581n,621624Ki,91975246n,734292Ki,75101501n,656740Ki,47895825n,745200Ki,
500,12.193000078201294,1623493955.327,1623493967.52,d4b03c8b-7a8b-4ada-b76d-ab69bc4eec39,3,33322644n,670956Ki,44376581n,621624Ki,91975246n,734292Ki,75101501n,656740Ki,47895825n,745200Ki,
500,15.116999864578247,1623493954.328,1623493969.445,4bbbc5e6-3ac2-455e-bc37-0072f4e23153,3,33322644n,670956Ki,44376581n,621624Ki,91975246n,734292Ki,75101501n,656740Ki,47895825n,745200Ki,
500,7.966000080108643,1623493963.332,1623493971.298,a9eb7565-1ad8-4791-909a-f4bdb3690a3a,3,33322644n,670956Ki,44376581n,621624Ki,91975246n,734292Ki,75101501n,656740Ki,47895825n,745200Ki,
500,12.569999933242798,1623493967.331,1623493979.901,39d9b91c-820d-48bd-9e09-18bda50a9d8e,3,33322644n,670956Ki,44376581n,621624Ki,91975246n,734292Ki,75101501n,656740Ki,47895825n,745200Ki,
500,8.575999975204468,1623493972.331,1623493980.907,2e37436b-3eb7-480e-93b9-e8d8ee86fe51,3,33322644n,670956Ki,44376581n,621624Ki,91975246n,734292Ki,75101501n,656740Ki,47895825n,745200Ki,
500,22.453999996185303,1623493960.326,1623493982.78,27e016d8-7b2d-4022-8beb-a5aec7afbfd7,3,33322644n,670956Ki,44376581n,621624Ki,91975246n,734292Ki,75101501n,656740Ki,47895825n,745200Ki,
500,25.07800006866455,1623493958.327,1623493983.405,e9aaa15a-5685-4952-9d71-2de99b86acb9,3,33322644n,670956Ki,44376581n,621624Ki,91975246n,734292Ki,75101501n,656740Ki,47895825n,745200Ki,
500,13.087999820709229,1623493973.331,1623493986.419,5d75e080-456d-40c5-9247-4023414c8272,3,33322644n,670956Ki,44376581n,621624Ki,91975246n,734292Ki,75101501n,656740Ki,47895825n,745200Ki,
500,17.977999925613403,1623493969.331,1623493987.309,3a32ef55-ae2e-4a98-8405-ad7d2b95f0aa,3,33322644n,670956Ki,44376581n,621624Ki,91975246n,734292Ki,75101501n,656740Ki,47895825n,745200Ki,
500,31.536999940872192,1623493956.329,1623493987.866,b96a640d-bd28-481f-9500-488d1b9ed1f2,3,33322644n,670956Ki,44376581n,621624Ki,91975246n,734292Ki,75101501n,656740Ki,47895825n,745200Ki,
500,28.92799997329712,1623493959.329,1623493988.257,120fca63-5ebd-4150-9d50-4b1f7b678cdc,3,33322644n,670956Ki,44376581n,621624Ki,91975246n,734292Ki,75101501n,656740Ki,47895825n,745200Ki,
500,39.28099989891052,1623493949.328,1623493988.609,66df815c-5c54-493f-9b65-0b2866da838c,3,27349476n,671088Ki,47526764n,621444Ki,3999409878n,2264240Ki,68065989n,657024Ki,58401031n,744860Ki,
500,21.628999948501587,1623493968.331,1623493989.96,8ae46e6a-1579-45e4-b9fc-557372b85f7f,3,27349476n,671088Ki,47526764n,621444Ki,3999409878n,2264240Ki,68065989n,657024Ki,58401031n,744860Ki,
500,11.26199984550476,1623493983.331,1623493994.593,eeef3a66-6686-4803-88b5-8502d1672d61,3,27349476n,671088Ki,47526764n,621444Ki,3999409878n,2264240Ki,68065989n,657024Ki,58401031n,744860Ki,
500,13.51799988746643,1623493981.331,1623493994.849,1b6c84ec-5eee-4df0-b122-3ec042ebcbcd,3,27349476n,671088Ki,47526764n,621444Ki,3999409878n,2264240Ki,68065989n,657024Ki,58401031n,744860Ki,
500,30.000999927520752,1623493966.331,1623493996.332,f88b7f6b-1a16-40ba-aa0f-e6cd8425f650,3,27349476n,671088Ki,47526764n,621444Ki,3999409878n,2264240Ki,68065989n,657024Ki,58401031n,744860Ki,
500,34.401999950408936,1623493962.335,1623493996.737,dc5dd201-fa8b-4842-9880-2d8815be9e41,3,27349476n,671088Ki,47526764n,621444Ki,3999409878n,2264240Ki,68065989n,657024Ki,58401031n,744860Ki,
500,35.11999988555908,1623493964.331,1623493999.451,40cba9ef-1147-4021-a04d-53ce3c84844a,3,27349476n,671088Ki,47526764n,621444Ki,3999409878n,2264240Ki,68065989n,657024Ki,58401031n,744860Ki,
500,29.08799982070923,1623493971.331,1623494000.419,e2e4715a-70aa-46cc-af44-0fb9f4d41738,3,27349476n,671088Ki,47526764n,621444Ki,3999409878n,2264240Ki,68065989n,657024Ki,58401031n,744860Ki,
500,38.00099992752075,1623493965.331,1623494003.332,edf0bc0e-1024-430d-bcd5-d98c459c2369,3,27349476n,671088Ki,47526764n,621444Ki,3999409878n,2264240Ki,68065989n,657024Ki,58401031n,744860Ki,
500,21.82099986076355,1623493987.331,1623494009.152,14e19d35-7b86-4f08-a0ef-7040ea6fdf9d,3,27349476n,671088Ki,47526764n,621444Ki,3999409878n,2264240Ki,68065989n,657024Ki,58401031n,744860Ki,
500,18.799000024795532,1623493992.332,1623494011.131,82e401df-4933-433f-94f6-86982f52a03e,3,27349476n,671088Ki,47526764n,621444Ki,3999409878n,2264240Ki,68065989n,657024Ki,58401031n,744860Ki,
500,30.082000017166138,1623493982.331,1623494012.413,a6460209-92e2-4b9e-a073-884c603ffcb5,3,27349476n,671088Ki,47526764n,621444Ki,3999409878n,2264240Ki,68065989n,657024Ki,58401031n,744860Ki,
500,8.014999866485596,1623494006.331,1623494014.346,daa8c865-2748-4263-b507-070a1242ae04,3,27349476n,671088Ki,47526764n,621444Ki,3999409878n,2264240Ki,68065989n,657024Ki,58401031n,744860Ki,
500,38.656999826431274,1623493977.331,1623494015.988,b9110215-ef79-4188-9919-df31be3e710c,3,27349476n,671088Ki,47526764n,621444Ki,3999409878n,2264240Ki,68065989n,657024Ki,58401031n,744860Ki,
500,41.78099989891052,1623493974.331,1623494016.112,5931fb26-67b7-458f-8b56-ca5628597abe,3,27349476n,671088Ki,47526764n,621444Ki,3999409878n,2264240Ki,68065989n,657024Ki,58401031n,744860Ki,
500,27.852999925613403,1623493991.331,1623494019.184,59ccd219-4eb6-4393-889f-c600407a42b1,3,27349476n,671088Ki,47526764n,621444Ki,3999409878n,2264240Ki,68065989n,657024Ki,58401031n,744860Ki,
500,36.00100016593933,1623493984.333,1623494020.334,dc98db98-956b-43d3-9605-789bb6e7685e,3,27349476n,671088Ki,47526764n,621444Ki,3999409878n,2264240Ki,68065989n,657024Ki,58401031n,744860Ki,
500,52.08899998664856,1623493970.331,1623494022.42,4a3b6ea1-451d-4b90-9482-6e8a1c4bcc75,3,27349476n,671088Ki,47526764n,621444Ki,3999409878n,2264240Ki,68065989n,657024Ki,58401031n,744860Ki,
500,25.027999877929688,1623493998.331,1623494023.359,6bf2ae49-b081-4c7f-bca0-20d93fdb2c7c,3,27349476n,671088Ki,47526764n,621444Ki,3999409878n,2264240Ki,68065989n,657024Ki,58401031n,744860Ki,
500,44.4229998588562,1623493980.331,1623494024.754,aa4e3c5b-fc7f-40aa-bdb9-c79d9a0a359d,3,27349476n,671088Ki,47526764n,621444Ki,3999409878n,2264240Ki,68065989n,657024Ki,58401031n,744860Ki,
500,46.90499997138977,1623493979.331,1623494026.236,d6ec6c24-78ef-472a-aeaa-cf891d157960,3,27349476n,671088Ki,47526764n,621444Ki,3999409878n,2264240Ki,68065989n,657024Ki,58401031n,744860Ki,
500,40.15299987792969,1623493986.332,1623494026.485,6822b688-0375-45b0-bc57-186510247665,3,27349476n,671088Ki,47526764n,621444Ki,3999409878n,2264240Ki,68065989n,657024Ki,58401031n,744860Ki,
500,51.40999984741211,1623493976.331,1623494027.741,99b4e0e3-24e2-404e-b227-b9cc25af2d6d,3,27349476n,671088Ki,47526764n,621444Ki,3999409878n,2264240Ki,68065989n,657024Ki,58401031n,744860Ki,
500,55.46399998664856,1623493975.334,1623494030.798,13e51bca-e549-4729-ba09-93371de523a1,3,27349476n,671088Ki,47526764n,621444Ki,3999409878n,2264240Ki,68065989n,657024Ki,58401031n,744860Ki,
500,49.049999952316284,1623493985.331,1623494034.381,8a3d0845-ade9-476b-ad83-3c2180ef92a5,3,27349476n,671088Ki,47526764n,621444Ki,3999409878n,2264240Ki,68065989n,657024Ki,58401031n,744860Ki,
502,60.13199996948242,1623493978.331,1623494038.463,ffbf1c1d-74d1-4064-b08a-c0a0d41fd4f5,3,27349476n,671088Ki,47526764n,621444Ki,3999409878n,2264240Ki,68065989n,657024Ki,58401031n,744860Ki,
500,41.120999813079834,1623493995.331,1623494036.452,a3a9e909-0e92-4fc0-af80-6933fa81f6b3,3,27349476n,671088Ki,47526764n,621444Ki,3999409878n,2264240Ki,68065989n,657024Ki,58401031n,744860Ki,
500,51.42699980735779,1623493988.331,1623494039.758,ad63eb21-b9be-4e14-b767-3545e000c638,3,27349476n,671088Ki,47526764n,621444Ki,3999409878n,2264240Ki,68065989n,657024Ki,58401031n,744860Ki,
500,40.44999980926514,1623494002.331,1623494042.781,ef0e9285-89d2-4e68-8f31-39de1e840388,3,27349476n,671088Ki,47526764n,621444Ki,3999409878n,2264240Ki,68065989n,657024Ki,58401031n,744860Ki,
500,58.73399996757507,1623493989.331,1623494048.065,55211af0-9950-4467-ac59-c3fccbf16fec,3,27349476n,671088Ki,47526764n,621444Ki,3999409878n,2264240Ki,68065989n,657024Ki,58401031n,744860Ki,
500,58.230000019073486,1623493990.331,1623494048.561,8672d5c2-1be5-4ca2-9894-d54fadf99322,3,32107336n,671312Ki,46593505n,622164Ki,3999787873n,4155120Ki,70667u,657708Ki,49827947n,745256Ki,
500,58.513999938964844,1623493993.331,1623494051.845,8fc1d66e-c5ef-422d-bb38-81c223570698,3,32107336n,671312Ki,46593505n,622164Ki,3999787873n,4155120Ki,70667u,657708Ki,49827947n,745256Ki,
502,60.125,1623493994.331,1623494054.456,1dbe11b5-b3b0-48e5-ad3b-9267919daa9a,3,32107336n,671312Ki,46593505n,622164Ki,3999787873n,4155120Ki,70667u,657708Ki,49827947n,745256Ki,
500,54.2960000038147,1623494000.333,1623494054.629,491b633f-7a7d-4658-bf97-50719c057d28,3,32107336n,671312Ki,46593505n,622164Ki,3999787873n,4155120Ki,70667u,657708Ki,49827947n,745256Ki,
502,60.133999824523926,1623493996.334,1623494056.468,543f5603-4207-4d9b-9a56-e400cd2cea2d,3,32107336n,671312Ki,46593505n,622164Ki,3999787873n,4155120Ki,70667u,657708Ki,49827947n,745256Ki,
500,55.276999950408936,1623494001.335,1623494056.612,fea8e848-3379-4b19-b491-be1bb8b6d89d,3,32107336n,671312Ki,46593505n,622164Ki,3999787873n,4155120Ki,70667u,657708Ki,49827947n,745256Ki,
500,40.47599983215332,1623494016.331,1623494056.807,147248dc-547c-4f32-a0c3-b5085dc44329,3,32107336n,671312Ki,46593505n,622164Ki,3999787873n,4155120Ki,70667u,657708Ki,49827947n,745256Ki,
502,60.11400008201599,1623493997.332,1623494057.446,5429acdc-393e-46f2-ba1d-c752611f8964,3,32107336n,671312Ki,46593505n,622164Ki,3999787873n,4155120Ki,70667u,657708Ki,49827947n,745256Ki,
500,48.58999991416931,1623494010.331,1623494058.921,7d90f1db-8870-424e-af90-91bc777310e6,3,32107336n,671312Ki,46593505n,622164Ki,3999787873n,4155120Ki,70667u,657708Ki,49827947n,745256Ki,
502,60.14199995994568,1623493999.331,1623494059.473,f4105cd5-4f05-4b35-ac88-1f22f5ba0725,3,32107336n,671312Ki,46593505n,622164Ki,3999787873n,4155120Ki,70667u,657708Ki,49827947n,745256Ki,
500,46.64999985694885,1623494013.331,1623494059.981,9085e135-ad8b-4b4f-aae2-4612f76af649,3,32107336n,671312Ki,46593505n,622164Ki,3999787873n,4155120Ki,70667u,657708Ki,49827947n,745256Ki,
500,55.66799998283386,1623494004.331,1623494059.999,b3fc2684-6801-4a45-b6f7-8374918ee618,3,32107336n,671312Ki,46593505n,622164Ki,3999787873n,4155120Ki,70667u,657708Ki,49827947n,745256Ki,
500,54.47199988365173,1623494007.331,1623494061.803,61943bda-a2b8-455c-b16f-41de7319e901,3,32107336n,671312Ki,46593505n,622164Ki,3999787873n,4155120Ki,70667u,657708Ki,49827947n,745256Ki,
500,38.65299987792969,1623494023.331,1623494061.984,d02fd044-5233-4ab6-bd2f-0b85c5d86cc0,3,32107336n,671312Ki,46593505n,622164Ki,3999787873n,4155120Ki,70667u,657708Ki,49827947n,745256Ki,
502,60.139999866485596,1623494003.334,1623494063.474,3473cbc4-7091-4a20-8b3f-46b92f848a11,3,32107336n,671312Ki,46593505n,622164Ki,3999787873n,4155120Ki,70667u,657708Ki,49827947n,745256Ki,
500,42.31499981880188,1623494021.331,1623494063.646,2528f367-c68e-4f0d-8d04-969101fedeec,3,32107336n,671312Ki,46593505n,622164Ki,3999787873n,4155120Ki,70667u,657708Ki,49827947n,745256Ki,
500,16.89299988746643,1623494048.331,1623494065.224,bcea3898-c7b5-4e4d-a88e-4166f8d1c9fe,3,32107336n,671312Ki,46593505n,622164Ki,3999787873n,4155120Ki,70667u,657708Ki,49827947n,745256Ki,
502,60.11899995803833,1623494005.331,1623494065.45,9afca152-5c6f-491e-aa85-f38f5134983a,3,32107336n,671312Ki,46593505n,622164Ki,3999787873n,4155120Ki,70667u,657708Ki,49827947n,745256Ki,
500,51.663999795913696,1623494014.331,1623494065.995,1d8051db-2b10-4abe-8374-5f675e9b571c,3,32107336n,671312Ki,46593505n,622164Ki,3999787873n,4155120Ki,70667u,657708Ki,49827947n,745256Ki,
502,60.13599991798401,1623494008.331,1623494068.467,1f5bb304-034d-4b3d-ad87-7ad45256ee98,3,32107336n,671312Ki,46593505n,622164Ki,3999787873n,4155120Ki,70667u,657708Ki,49827947n,745256Ki,
500,57.66799998283386,1623494011.331,1623494068.999,d4f76ad7-7de9-4355-b629-8601ebe4b7da,3,32107336n,671312Ki,46593505n,622164Ki,3999787873n,4155120Ki,70667u,657708Ki,49827947n,745256Ki,
502,60.13099980354309,1623494009.331,1623494069.462,6d790459-d642-4bb9-86ca-e1f763c4f52e,3,32107336n,671312Ki,46593505n,622164Ki,3999787873n,4155120Ki,70667u,657708Ki,49827947n,745256Ki,
502,60.123000144958496,1623494012.333,1623494072.456,6d8d4a47-ef8c-4b6d-ae74-535736041335,3,32107336n,671312Ki,46593505n,622164Ki,3999787873n,4155120Ki,70667u,657708Ki,49827947n,745256Ki,
502,60.11899995803833,1623494015.331,1623494075.45,64e7059d-8e02-463e-bac0-24ae340b483a,3,32107336n,671312Ki,46593505n,622164Ki,3999787873n,4155120Ki,70667u,657708Ki,49827947n,745256Ki,
500,49.02499985694885,1623494027.331,1623494076.356,8c80ab06-3a4d-4ba3-806b-0eb11ed06e95,3,32107336n,671312Ki,46593505n,622164Ki,3999787873n,4155120Ki,70667u,657708Ki,49827947n,745256Ki,
502,60.11699986457825,1623494018.331,1623494078.448,a546dd38-e1b7-4cd1-8a4e-72fe406758c7,3,32107336n,671312Ki,46593505n,622164Ki,3999787873n,4155120Ki,70667u,657708Ki,49827947n,745256Ki,
502,60.133999824523926,1623494017.331,1623494077.465,ed69b372-5624-4582-9769-9ef1b3a786a2,3,32107336n,671312Ki,46593505n,622164Ki,3999787873n,4155120Ki,70667u,657708Ki,49827947n,745256Ki,
502,60.12899994850159,1623494019.331,1623494079.46,57bb0a4d-f3dc-4400-b142-6bc2ad07175f,3,32107336n,671312Ki,46593505n,622164Ki,3999787873n,4155120Ki,70667u,657708Ki,49827947n,745256Ki,
502,60.12299990653992,1623494020.331,1623494080.454,c49e1bbc-ceb9-4866-95d6-8c673fc783dd,3,32107336n,671312Ki,46593505n,622164Ki,3999787873n,4155120Ki,70667u,657708Ki,49827947n,745256Ki,
500,36.62299990653992,1623494045.332,1623494081.955,69213d10-53a9-4d41-87d3-2d3db21bb196,3,32107336n,671312Ki,46593505n,622164Ki,3999787873n,4155120Ki,70667u,657708Ki,49827947n,745256Ki,
500,55.967000007629395,1623494026.334,1623494082.301,deafdf04-0dff-4160-aad4-e22d5a072d29,3,32107336n,671312Ki,46593505n,622164Ki,3999787873n,4155120Ki,70667u,657708Ki,49827947n,745256Ki,
502,60.120999813079834,1623494022.331,1623494082.452,b3959e30-1463-48b1-8956-99c6f4967048,3,32107336n,671312Ki,46593505n,622164Ki,3999787873n,4155120Ki,70667u,657708Ki,49827947n,745256Ki,
502,60.13199996948242,1623494024.331,1623494084.463,e0ca59f1-9152-47a6-b0f4-a021e0239c21,3,32107336n,671312Ki,46593505n,622164Ki,3999787873n,4155120Ki,70667u,657708Ki,49827947n,745256Ki,
502,60.13199996948242,1623494025.331,1623494085.463,bf2dd891-a493-49b5-867a-ec55ae5f6a55,3,32107336n,671312Ki,46593505n,622164Ki,3999787873n,4155120Ki,70667u,657708Ki,49827947n,745256Ki,
500,32.09299993515015,1623494054.331,1623494086.424,714023d1-fac4-4427-86c7-54d62377b151,3,32107336n,671312Ki,46593505n,622164Ki,3999787873n,4155120Ki,70667u,657708Ki,49827947n,745256Ki,
502,60.12299990653992,1623494028.331,1623494088.454,570781d9-884a-4c55-a199-d9d9b9b1db67,3,32107336n,671312Ki,46593505n,622164Ki,3999787873n,4155120Ki,70667u,657708Ki,49827947n,745256Ki,
502,60.12899994850159,1623494029.331,1623494089.46,cc9fe657-ee76-4cca-a95c-6f2943462be7,3,32107336n,671312Ki,46593505n,622164Ki,3999787873n,4155120Ki,70667u,657708Ki,49827947n,745256Ki,
502,60.11500000953674,1623494030.331,1623494090.446,fc0a8f11-8bd5-4ad6-aca5-a4dbd3d30147,3,32107336n,671312Ki,46593505n,622164Ki,3999787873n,4155120Ki,70667u,657708Ki,49827947n,745256Ki,
502,60.13800001144409,1623494031.331,1623494091.469,56c91467-1c31-47f4-bf99-0dd6b6ea4ade,3,32107336n,671312Ki,46593505n,622164Ki,3999787873n,4155120Ki,70667u,657708Ki,49827947n,745256Ki,
502,60.133999824523926,1623494032.331,1623494092.465,13dc8662-eb49-4de0-9bbf-e8515dd76dca,3,32107336n,671312Ki,46593505n,622164Ki,3999787873n,4155120Ki,70667u,657708Ki,49827947n,745256Ki,
500,31.20799994468689,1623494061.331,1623494092.539,b47eb7de-e54a-42ff-9d0d-f28fa6d9a6ac,3,32107336n,671312Ki,46593505n,622164Ki,3999787873n,4155120Ki,70667u,657708Ki,49827947n,745256Ki,
502,60.11699986457825,1623494033.331,1623494093.448,2ce71070-70de-4949-b5fc-b79aef765b69,3,32107336n,671312Ki,46593505n,622164Ki,3999787873n,4155120Ki,70667u,657708Ki,49827947n,745256Ki,
502,60.12999987602234,1623494034.332,1623494094.462,c808daf9-9303-4c8a-9cf3-39a160d2b8e6,3,32107336n,671312Ki,46593505n,622164Ki,3999787873n,4155120Ki,70667u,657708Ki,49827947n,745256Ki,
500,8.23799991607666,1623494086.332,1623494094.57,f256f7ea-32fc-4890-be7c-9ec28499c710,3,32107336n,671312Ki,46593505n,622164Ki,3999787873n,4155120Ki,70667u,657708Ki,49827947n,745256Ki,
502,60.11500000953674,1623494035.331,1623494095.446,9bfd7b27-283d-44e9-8443-a0a51dcccfb5,3,32107336n,671312Ki,46593505n,622164Ki,3999787873n,4155120Ki,70667u,657708Ki,49827947n,745256Ki,
500,50.09299993515015,1623494046.331,1623494096.424,ea68186a-7769-4fcd-ab90-930e99615308,3,32107336n,671312Ki,46593505n,622164Ki,3999787873n,4155120Ki,70667u,657708Ki,49827947n,745256Ki,
502,60.121999979019165,1623494036.331,1623494096.453,89f7fe74-1e06-4619-9392-71458c9c1d1f,3,32107336n,671312Ki,46593505n,622164Ki,3999787873n,4155120Ki,70667u,657708Ki,49827947n,745256Ki,
502,60.13099980354309,1623494037.331,1623494097.462,ce7768d1-711f-47e2-94ea-d9c77e20deb1,3,32107336n,671312Ki,46593505n,622164Ki,3999787873n,4155120Ki,70667u,657708Ki,49827947n,745256Ki,
502,60.121999979019165,1623494038.332,1623494098.454,3c1f2972-4d89-4432-be98-d428c870cbf2,3,32107336n,671312Ki,46593505n,622164Ki,3999787873n,4155120Ki,70667u,657708Ki,49827947n,745256Ki,
502,60.12599992752075,1623494039.331,1623494099.457,bfede999-4129-4a40-9fea-fe6c0f383e49,3,32107336n,671312Ki,46593505n,622164Ki,3999787873n,4155120Ki,70667u,657708Ki,49827947n,745256Ki,
502,60.126999855041504,1623494040.331,1623494100.458,54f5ad75-8045-401b-88a2-eb7efc7246a1,3,32107336n,671312Ki,46593505n,622164Ki,3999787873n,4155120Ki,70667u,657708Ki,49827947n,745256Ki,
500,24.861000061035156,1623494076.332,1623494101.193,e77a80a3-55c6-4edc-9dc3-cd2335826461,3,32107336n,671312Ki,46593505n,622164Ki,3999787873n,4155120Ki,70667u,657708Ki,49827947n,745256Ki,
502,60.12100005149841,1623494041.332,1623494101.453,735e14a5-f993-48b6-8da8-eeeca09eccc5,3,32107336n,671312Ki,46593505n,622164Ki,3999787873n,4155120Ki,70667u,657708Ki,49827947n,745256Ki,
502,60.125,1623494042.331,1623494102.456,f6a975eb-097e-4f97-b4b2-6d43d46e1c30,3,32107336n,671312Ki,46593505n,622164Ki,3999787873n,4155120Ki,70667u,657708Ki,49827947n,745256Ki,
502,60.125,1623494043.332,1623494103.457,c5293614-d27a-4776-90df-7ac231bc76ee,3,32107336n,671312Ki,46593505n,622164Ki,3999787873n,4155120Ki,70667u,657708Ki,49827947n,745256Ki,
502,60.13800001144409,1623494044.331,1623494104.469,5f7be7e9-6405-4300-ac7b-8f9a23172aea,3,32107336n,671312Ki,46593505n,622164Ki,3999787873n,4155120Ki,70667u,657708Ki,49827947n,745256Ki,
500,7.33899998664856,1623494099.331,1623494106.67,0abad641-7209-4aeb-a70b-646ff5e8e9c3,3,32107336n,671312Ki,46593505n,622164Ki,3999787873n,4155120Ki,70667u,657708Ki,49827947n,745256Ki,
502,60.11999988555908,1623494047.331,1623494107.451,fbbdb1cc-f050-48c5-9a42-b903c8b4a8c3,3,32107336n,671312Ki,46593505n,622164Ki,3999787873n,4155120Ki,70667u,657708Ki,49827947n,745256Ki,
502,60.11899995803833,1623494049.331,1623494109.45,4ee0eb13-69d3-4904-96e6-984d791d6df2,3,33025377n,673376Ki,28605906n,623376Ki,4000056142n,5867140Ki,82480327n,657960Ki,58579916n,745984Ki,
502,60.115999937057495,1623494050.331,1623494110.447,8a8c6b43-f849-4e12-b8f2-e82352d8d006,3,33025377n,673376Ki,28605906n,623376Ki,4000056142n,5867140Ki,82480327n,657960Ki,58579916n,745984Ki,
502,60.133999824523926,1623494051.331,1623494111.465,cd675a9b-5e15-4913-a320-89feb906c976,3,33025377n,673376Ki,28605906n,623376Ki,4000056142n,5867140Ki,82480327n,657960Ki,58579916n,745984Ki,
502,60.12899994850159,1623494052.331,1623494112.46,8e57ac95-2a1a-4b8e-92c7-a52187adf794,3,33025377n,673376Ki,28605906n,623376Ki,4000056142n,5867140Ki,82480327n,657960Ki,58579916n,745984Ki,
502,60.126999855041504,1623494053.331,1623494113.458,ad6b1ba7-e484-47f2-ab44-4910b3921800,3,33025377n,673376Ki,28605906n,623376Ki,4000056142n,5867140Ki,82480327n,657960Ki,58579916n,745984Ki,
500,52.11999988555908,1623494063.331,1623494115.451,30ff4715-9850-467e-8fa0-ea6b66c2cb71,3,33025377n,673376Ki,28605906n,623376Ki,4000056142n,5867140Ki,82480327n,657960Ki,58579916n,745984Ki,
502,60.12299990653992,1623494055.331,1623494115.454,9465c5d1-36c7-409a-8cae-eac7fc277a1f,3,33025377n,673376Ki,28605906n,623376Ki,4000056142n,5867140Ki,82480327n,657960Ki,58579916n,745984Ki,
502,60.11399984359741,1623494056.334,1623494116.448,c1059b63-4a15-4fa0-b597-aefcc1a68405,3,33025377n,673376Ki,28605906n,623376Ki,4000056142n,5867140Ki,82480327n,657960Ki,58579916n,745984Ki,
502,60.13100004196167,1623494057.333,1623494117.464,6fb8cdad-2d73-4527-864b-b334417188c0,3,33025377n,673376Ki,28605906n,623376Ki,4000056142n,5867140Ki,82480327n,657960Ki,58579916n,745984Ki,
502,60.13199996948242,1623494058.331,1623494118.463,c0207bfe-aad3-47a0-a14f-b83ec73e3ca6,3,33025377n,673376Ki,28605906n,623376Ki,4000056142n,5867140Ki,82480327n,657960Ki,58579916n,745984Ki,
502,60.13700008392334,1623494059.333,1623494119.47,a81839af-1563-4052-bc7b-7960a8cae23c,3,33025377n,673376Ki,28605906n,623376Ki,4000056142n,5867140Ki,82480327n,657960Ki,58579916n,745984Ki,
502,60.11099982261658,1623494060.331,1623494120.442,e1ca51c8-5bc3-43e3-b6ff-9ad9011337e6,3,33025377n,673376Ki,28605906n,623376Ki,4000056142n,5867140Ki,82480327n,657960Ki,58579916n,745984Ki,
502,60.12999987602234,1623494062.331,1623494122.461,23baf1fe-b0b9-4c48-ae97-9a99bd6c1ba7,3,33025377n,673376Ki,28605906n,623376Ki,4000056142n,5867140Ki,82480327n,657960Ki,58579916n,745984Ki,
502,60.11500000953674,1623494064.331,1623494124.446,6d13f388-4cee-4702-8e18-ea3811ec7402,3,33025377n,673376Ki,28605906n,623376Ki,4000056142n,5867140Ki,82480327n,657960Ki,58579916n,745984Ki,
502,60.117999792099,1623494065.331,1623494125.449,8d71e9c5-5bdf-4d1c-9926-7393362f255a,3,33025377n,673376Ki,28605906n,623376Ki,4000056142n,5867140Ki,82480327n,657960Ki,58579916n,745984Ki,
502,60.14199995994568,1623494066.331,1623494126.473,1cf16dc3-de2a-4db1-880f-652326f2d52a,3,33025377n,673376Ki,28605906n,623376Ki,4000056142n,5867140Ki,82480327n,657960Ki,58579916n,745984Ki,
500,60.05299997329712,1623494067.331,1623494127.384,d26297f9-6029-4e2d-baba-1a8c78505b82,3,33025377n,673376Ki,28605906n,623376Ki,4000056142n,5867140Ki,82480327n,657960Ki,58579916n,745984Ki,
502,60.11400008201599,1623494068.332,1623494128.446,33f1e8be-58be-4607-b799-c29a00c4ae88,3,33025377n,673376Ki,28605906n,623376Ki,4000056142n,5867140Ki,82480327n,657960Ki,58579916n,745984Ki,
502,60.125,1623494069.331,1623494129.456,729c117f-2538-4b2b-a378-2e081ace9cd1,3,33025377n,673376Ki,28605906n,623376Ki,4000056142n,5867140Ki,82480327n,657960Ki,58579916n,745984Ki,
502,60.126999855041504,1623494070.331,1623494130.458,e71aaa0e-0db4-4290-844c-a4cb582d31a0,3,33025377n,673376Ki,28605906n,623376Ki,4000056142n,5867140Ki,82480327n,657960Ki,58579916n,745984Ki,
502,60.13199996948242,1623494071.331,1623494131.463,617421db-fed6-4c4f-8811-cc85d0d94c5b,3,33025377n,673376Ki,28605906n,623376Ki,4000056142n,5867140Ki,82480327n,657960Ki,58579916n,745984Ki,
502,60.12399983406067,1623494072.331,1623494132.455,67ea9cc3-abe8-455d-a577-44787d4b6d39,3,33025377n,673376Ki,28605906n,623376Ki,4000056142n,5867140Ki,82480327n,657960Ki,58579916n,745984Ki,
500,2.7170000076293945,1623494130.331,1623494133.048,1f121a51-6632-4b69-a1ef-c5e147349ab7,3,33025377n,673376Ki,28605906n,623376Ki,4000056142n,5867140Ki,82480327n,657960Ki,58579916n,745984Ki,
500,52.70700001716614,1623494080.331,1623494133.038,d353f4b1-48af-4330-b5e6-2429fecad39b,3,33025377n,673376Ki,28605906n,623376Ki,4000056142n,5867140Ki,82480327n,657960Ki,58579916n,745984Ki,
500,12.684000015258789,1623494120.331,1623494133.015,d5c6783a-9a98-48bd-abb1-8861b94e1f8c,3,33025377n,673376Ki,28605906n,623376Ki,4000056142n,5867140Ki,82480327n,657960Ki,58579916n,745984Ki,
500,59.69999980926514,1623494073.331,1623494133.031,0011a00f-7822-4bd8-a184-7cbd0da24021,3,33025377n,673376Ki,28605906n,623376Ki,4000056142n,5867140Ki,82480327n,657960Ki,58579916n,745984Ki,
500,41.74499988555908,1623494091.331,1623494133.076,b581dec9-024b-4976-b568-7caab145f9ad,3,33025377n,673376Ki,28605906n,623376Ki,4000056142n,5867140Ki,82480327n,657960Ki,58579916n,745984Ki,
500,34.70299983024597,1623494098.331,1623494133.034,d196f881-98f8-40c3-b5de-6ea30c6ba2da,3,33025377n,673376Ki,28605906n,623376Ki,4000056142n,5867140Ki,82480327n,657960Ki,58579916n,745984Ki,
500,40.728999853134155,1623494092.331,1623494133.06,5d220e08-9db6-4b4a-98af-c6f1c1dfd46c,3,33025377n,673376Ki,28605906n,623376Ki,4000056142n,5867140Ki,82480327n,657960Ki,58579916n,745984Ki,
500,39.75699996948242,1623494093.331,1623494133.088,469e8e88-a388-4660-a26c-f9655801abd8,3,33025377n,673376Ki,28605906n,623376Ki,4000056142n,5867140Ki,82480327n,657960Ki,58579916n,745984Ki,
500,7.73799991607666,1623494125.334,1623494133.072,4044a79a-d03f-4ab4-b514-69ed34e10fad,3,33025377n,673376Ki,28605906n,623376Ki,4000056142n,5867140Ki,82480327n,657960Ki,58579916n,745984Ki,
500,18.782999992370605,1623494114.331,1623494133.114,7e348557-ea8a-40a5-beb7-a815ab9c9e29,3,33025377n,673376Ki,28605906n,623376Ki,4000056142n,5867140Ki,82480327n,657960Ki,58579916n,745984Ki,
500,26.704999923706055,1623494106.331,1623494133.036,fdb491f4-b055-422b-8885-388c2bbb3ae6,3,33025377n,673376Ki,28605906n,623376Ki,4000056142n,5867140Ki,82480327n,657960Ki,58579916n,745984Ki,
500,6.7209999561309814,1623494126.333,1623494133.054,9ce0ed4d-e93b-4192-9d5e-73908156a416,3,33025377n,673376Ki,28605906n,623376Ki,4000056142n,5867140Ki,82480327n,657960Ki,58579916n,745984Ki,
500,17.79800009727478,1623494115.332,1623494133.13,133ae6d1-ec55-41bd-b07b-a25310426652,3,33025377n,673376Ki,28605906n,623376Ki,4000056142n,5867140Ki,82480327n,657960Ki,58579916n,745984Ki,
500,37.770999908447266,1623494095.331,1623494133.102,54d1fe81-10a4-43bd-9f29-de222d199bc1,3,33025377n,673376Ki,28605906n,623376Ki,4000056142n,5867140Ki,82480327n,657960Ki,58579916n,745984Ki,
500,27.738999843597412,1623494105.331,1623494133.07,f9696f21-68c5-4bd1-b477-ca2beb71d7ab,3,33025377n,673376Ki,28605906n,623376Ki,4000056142n,5867140Ki,82480327n,657960Ki,58579916n,745984Ki,
500,16.796000003814697,1623494116.332,1623494133.128,1c4fa7b7-644b-4885-a505-d76e96c538d7,3,33025377n,673376Ki,28605906n,623376Ki,4000056142n,5867140Ki,82480327n,657960Ki,58579916n,745984Ki,
500,3.7760000228881836,1623494129.331,1623494133.107,c28cc444-e377-46bb-bd99-a4b0ca54c071,3,33025377n,673376Ki,28605906n,623376Ki,4000056142n,5867140Ki,82480327n,657960Ki,58579916n,745984Ki,
500,23.747999906539917,1623494109.334,1623494133.082,65c44e11-4692-4bfb-8dc7-ea6e03995fc1,3,33025377n,673376Ki,28605906n,623376Ki,4000056142n,5867140Ki,82480327n,657960Ki,58579916n,745984Ki,
500,24.679999828338623,1623494108.331,1623494133.011,77a1f366-61ee-4c68-ad5b-977ca04a098d,3,33025377n,673376Ki,28605906n,623376Ki,4000056142n,5867140Ki,82480327n,657960Ki,58579916n,745984Ki,
500,38.806999921798706,1623494094.336,1623494133.143,cd12e8ab-16ae-4546-8214-9b98806b1611,3,33025377n,673376Ki,28605906n,623376Ki,4000056142n,5867140Ki,82480327n,657960Ki,58579916n,745984Ki,
500,35.71399998664856,1623494097.331,1623494133.045,7f6cdee8-d02c-42d3-8241-db9029c5b3ed,3,33025377n,673376Ki,28605906n,623376Ki,4000056142n,5867140Ki,82480327n,657960Ki,58579916n,745984Ki,
500,8.788999795913696,1623494124.331,1623494133.12,8b20a041-eb7d-4066-a89d-735f309fc899,3,33025377n,673376Ki,28605906n,623376Ki,4000056142n,5867140Ki,82480327n,657960Ki,58579916n,745984Ki,
500,9.746999979019165,1623494123.331,1623494133.078,ac02bf33-79d2-4eb3-82bf-8ca94e1272f5,3,33025377n,673376Ki,28605906n,623376Ki,4000056142n,5867140Ki,82480327n,657960Ki,58579916n,745984Ki,
500,30.80399990081787,1623494102.331,1623494133.135,a1036e57-ce52-4c15-bfd2-3ea8bfa9c973,3,33025377n,673376Ki,28605906n,623376Ki,4000056142n,5867140Ki,82480327n,657960Ki,58579916n,745984Ki,
500,25.7739999294281,1623494107.331,1623494133.105,47319fa4-7f0d-4004-834e-c07012aedf20,3,33025377n,673376Ki,28605906n,623376Ki,4000056142n,5867140Ki,82480327n,657960Ki,58579916n,745984Ki,
500,29.768999814987183,1623494103.331,1623494133.1,38f47046-4c63-41f9-941c-b5f86c129845,3,33025377n,673376Ki,28605906n,623376Ki,4000056142n,5867140Ki,82480327n,657960Ki,58579916n,745984Ki,
500,57.73599982261658,1623494075.331,1623494133.067,26573d06-e494-4461-941c-ed04f09da466,3,33025377n,673376Ki,28605906n,623376Ki,4000056142n,5867140Ki,82480327n,657960Ki,58579916n,745984Ki,
500,32.79099988937378,1623494100.331,1623494133.122,fbe27679-86e5-4eb6-8098-0a851a3e1621,3,33025377n,673376Ki,28605906n,623376Ki,4000056142n,5867140Ki,82480327n,657960Ki,58579916n,745984Ki,
500,45.806999921798706,1623494087.332,1623494133.139,99092dff-8803-40da-b753-17719ebfba56,3,33025377n,673376Ki,28605906n,623376Ki,4000056142n,5867140Ki,82480327n,657960Ki,58579916n,745984Ki,
500,50.77799987792969,1623494082.331,1623494133.109,8b7e29f1-c02e-4b9c-aa95-18434f98cae9,3,33025377n,673376Ki,28605906n,623376Ki,4000056142n,5867140Ki,82480327n,657960Ki,58579916n,745984Ki,
500,42.77300000190735,1623494090.331,1623494133.104,55ccae2f-d31f-4842-b133-b4636c6caf0a,3,33025377n,673376Ki,28605906n,623376Ki,4000056142n,5867140Ki,82480327n,657960Ki,58579916n,745984Ki,
500,0.809999942779541,1623494132.331,1623494133.141,99dda776-6a06-43bb-a55f-c7e840f4f1ce,3,33025377n,673376Ki,28605906n,623376Ki,4000056142n,5867140Ki,82480327n,657960Ki,58579916n,745984Ki,
500,14.726999998092651,1623494118.331,1623494133.058,35397fe5-b24d-4053-97b0-d2526cd5f2af,3,33025377n,673376Ki,28605906n,623376Ki,4000056142n,5867140Ki,82480327n,657960Ki,58579916n,745984Ki,
500,10.793999910354614,1623494122.332,1623494133.126,e6c26295-3ab9-4329-817a-a39bee824901,3,33025377n,673376Ki,28605906n,623376Ki,4000056142n,5867140Ki,82480327n,657960Ki,58579916n,745984Ki,
500,15.697999954223633,1623494117.331,1623494133.029,917de6f6-f5e0-4217-9736-02b83b5e8029,3,33025377n,673376Ki,28605906n,623376Ki,4000056142n,5867140Ki,82480327n,657960Ki,58579916n,745984Ki,
500,44.76699995994568,1623494088.331,1623494133.098,1b11e587-7da1-4822-8ae8-3ff0ce3fc742,3,33025377n,673376Ki,28605906n,623376Ki,4000056142n,5867140Ki,82480327n,657960Ki,58579916n,745984Ki,
500,48.79200005531311,1623494084.332,1623494133.124,eee22204-dc19-451e-b30a-b0e2357c5418,3,33025377n,673376Ki,28605906n,623376Ki,4000056142n,5867140Ki,82480327n,657960Ki,58579916n,745984Ki,
500,55.82699990272522,1623494077.331,1623494133.158,7dc4e039-9189-4f5f-9e74-62a11ad515ac,3,33025377n,673376Ki,28605906n,623376Ki,4000056142n,5867140Ki,82480327n,657960Ki,58579916n,745984Ki,
500,47.819000005722046,1623494085.331,1623494133.15,57692c7d-2090-44d2-a555-302b0c7936bc,3,33025377n,673376Ki,28605906n,623376Ki,4000056142n,5867140Ki,82480327n,657960Ki,58579916n,745984Ki,
500,28.77999997138977,1623494104.331,1623494133.111,d38cbb64-2b9e-4852-a290-521fbc925ee1,3,33025377n,673376Ki,28605906n,623376Ki,4000056142n,5867140Ki,82480327n,657960Ki,58579916n,745984Ki,
500,20.817999839782715,1623494112.331,1623494133.149,3fe79c96-7c6b-4845-8700-5cccff021609,3,33025377n,673376Ki,28605906n,623376Ki,4000056142n,5867140Ki,82480327n,657960Ki,58579916n,745984Ki,
500,22.819999933242798,1623494110.332,1623494133.152,d89329e8-3334-4602-8766-88f3029f909f,3,33025377n,673376Ki,28605906n,623376Ki,4000056142n,5867140Ki,82480327n,657960Ki,58579916n,745984Ki,
500,11.805999994277954,1623494121.331,1623494133.137,c7ef8f27-2fa4-4a76-9442-b77f6ed3cc15,3,33025377n,673376Ki,28605906n,623376Ki,4000056142n,5867140Ki,82480327n,657960Ki,58579916n,745984Ki,
500,31.801999807357788,1623494101.331,1623494133.133,7106d374-e2aa-4a05-a09c-8e19394036ee,3,33025377n,673376Ki,28605906n,623376Ki,4000056142n,5867140Ki,82480327n,657960Ki,58579916n,745984Ki,
500,43.78699994087219,1623494089.331,1623494133.118,27746d97-8949-4034-b00b-b264254b2a32,3,33025377n,673376Ki,28605906n,623376Ki,4000056142n,5867140Ki,82480327n,657960Ki,58579916n,745984Ki,
500,19.688999891281128,1623494113.331,1623494133.02,f15ca811-240f-462d-ac6d-17afac6754ac,3,33025377n,673376Ki,28605906n,623376Ki,4000056142n,5867140Ki,82480327n,657960Ki,58579916n,745984Ki,
500,58.75499987602234,1623494074.331,1623494133.086,965389b6-1112-41f1-a820-bb4fc5d48beb,3,33025377n,673376Ki,28605906n,623376Ki,4000056142n,5867140Ki,82480327n,657960Ki,58579916n,745984Ki,
500,5.823999881744385,1623494127.331,1623494133.155,7cd28870-42ac-447b-bce4-2a3f6ec9577f,3,33025377n,673376Ki,28605906n,623376Ki,4000056142n,5867140Ki,82480327n,657960Ki,58579916n,745984Ki,
500,53.764999866485596,1623494079.331,1623494133.096,507fa518-91ec-49a9-bde3-97c006ad4922,3,33025377n,673376Ki,28605906n,623376Ki,4000056142n,5867140Ki,82480327n,657960Ki,58579916n,745984Ki,
500,36.78399991989136,1623494096.332,1623494133.116,fafd3eec-8e3a-495d-80df-df9a28df8650,3,33025377n,673376Ki,28605906n,623376Ki,4000056142n,5867140Ki,82480327n,657960Ki,58579916n,745984Ki,
500,13.711999893188477,1623494119.331,1623494133.043,cbe431db-06f3-4de6-83f1-d1088d420e7b,3,33025377n,673376Ki,28605906n,623376Ki,4000056142n,5867140Ki,82480327n,657960Ki,58579916n,745984Ki,
500,54.75999999046326,1623494078.331,1623494133.091,098a2263-2643-44fc-a3ae-27f456fd72ba,3,33025377n,673376Ki,28605906n,623376Ki,4000056142n,5867140Ki,82480327n,657960Ki,58579916n,745984Ki,
500,49.81599998474121,1623494083.331,1623494133.147,fe683aad-3430-4087-b783-84ff884ccca0,3,33025377n,673376Ki,28605906n,623376Ki,4000056142n,5867140Ki,82480327n,657960Ki,58579916n,745984Ki,
500,4.742999792098999,1623494128.331,1623494133.074,29db2f23-9e3b-46a0-9b01-5d9a7f3dbe78,3,33025377n,673376Ki,28605906n,623376Ki,4000056142n,5867140Ki,82480327n,657960Ki,58579916n,745984Ki,
500,1.7329998016357422,1623494131.331,1623494133.064,2319118c-4ab6-4a79-8581-0dbaa5e5ffd6,3,33025377n,673376Ki,28605906n,623376Ki,4000056142n,5867140Ki,82480327n,657960Ki,58579916n,745984Ki,
500,51.694000005722046,1623494081.331,1623494133.025,2aa62da4-7512-44ae-8648-7849c3416b69,3,33025377n,673376Ki,28605906n,623376Ki,4000056142n,5867140Ki,82480327n,657960Ki,58579916n,745984Ki,
500,21.763000011444092,1623494111.331,1623494133.094,f6cccf26-3af6-4543-978f-92b8eb0d99a1,3,33025377n,673376Ki,28605906n,623376Ki,4000056142n,5867140Ki,82480327n,657960Ki,58579916n,745984Ki,
500,9.872999906539917,1623494151.335,1623494161.208,9f225a60-30db-4392-9f99-1d1bb8083bba,3,33025377n,673376Ki,28605906n,623376Ki,4000056142n,5867140Ki,82480327n,657960Ki,58579916n,745984Ki,
500,24.164000034332275,1623494145.335,1623494169.499,cc6b6fea-ca22-4527-ac0f-10636f6fc413,3,28547109n,673808Ki,36612281n,626648Ki,69832078n,728348Ki,3999549747n,2680356Ki,60940571n,746332Ki,
500,36.00099992752075,1623494133.436,1623494169.437,bf099e18-c0e2-4b07-9bfd-2ba6adf38b44,3,28547109n,673808Ki,36612281n,626648Ki,69832078n,728348Ki,3999549747n,2680356Ki,60940571n,746332Ki,
500,28.186999797821045,1623494141.334,1623494169.521,9f0238c7-b8e0-4485-80b3-5f65288a2b28,3,28547109n,673808Ki,36612281n,626648Ki,69832078n,728348Ki,3999549747n,2680356Ki,60940571n,746332Ki,
500,23.01200008392334,1623494149.336,1623494172.348,2cbc34b6-54ea-4125-b03a-aba33b3f166c,3,28547109n,673808Ki,36612281n,626648Ki,69832078n,728348Ki,3999549747n,2680356Ki,60940571n,746332Ki,
500,26.09599995613098,1623494146.336,1623494172.432,d9bafe92-af23-4482-ad2e-6053d997982e,3,28547109n,673808Ki,36612281n,626648Ki,69832078n,728348Ki,3999549747n,2680356Ki,60940571n,746332Ki,
500,18.54699993133545,1623494154.335,1623494172.882,37d8aeec-e85a-4c17-9f2a-fcdde8c45e08,3,28547109n,673808Ki,36612281n,626648Ki,69832078n,728348Ki,3999549747n,2680356Ki,60940571n,746332Ki,
500,36.08399987220764,1623494138.332,1623494174.416,f360a921-6cfc-4045-9ba3-0a1f279d2500,3,28547109n,673808Ki,36612281n,626648Ki,69832078n,728348Ki,3999549747n,2680356Ki,60940571n,746332Ki,
500,38.07799983024597,1623494136.371,1623494174.449,e60d89ec-ac44-4c0d-8fcd-7a3b14568764,3,28547109n,673808Ki,36612281n,626648Ki,69832078n,728348Ki,3999549747n,2680356Ki,60940571n,746332Ki,
500,26.626999855041504,1623494148.335,1623494174.962,6de376d3-edee-45b0-b018-04bb8b7e9eaf,3,28547109n,673808Ki,36612281n,626648Ki,69832078n,728348Ki,3999549747n,2680356Ki,60940571n,746332Ki,
500,38.706000089645386,1623494135.393,1623494174.099,c362ddf7-1f9c-433e-a734-fbbeb8de6636,3,28547109n,673808Ki,36612281n,626648Ki,69832078n,728348Ki,3999549747n,2680356Ki,60940571n,746332Ki,
500,23.552000045776367,1623494152.335,1623494175.887,38e19d38-3d97-46a4-b613-e6c9e0fa5e7b,3,28547109n,673808Ki,36612281n,626648Ki,69832078n,728348Ki,3999549747n,2680356Ki,60940571n,746332Ki,
500,28.727999925613403,1623494147.335,1623494176.063,2afcb122-5bac-45bc-b5dd-60e2e221474f,3,28547109n,673808Ki,36612281n,626648Ki,69832078n,728348Ki,3999549747n,2680356Ki,60940571n,746332Ki,
500,21.258000135421753,1623494155.336,1623494176.594,696e124c-96bd-4591-aee4-6cb2c435f467,3,28547109n,673808Ki,36612281n,626648Ki,69832078n,728348Ki,3999549747n,2680356Ki,60940571n,746332Ki,
500,34.805999994277954,1623494142.335,1623494177.141,af80ce47-08ab-433a-b1fc-88dad622da07,3,28547109n,673808Ki,36612281n,626648Ki,69832078n,728348Ki,3999549747n,2680356Ki,60940571n,746332Ki,
500,36.865999937057495,1623494140.331,1623494177.197,17cdda61-7f84-4e10-9215-df7cb3904a40,3,28547109n,673808Ki,36612281n,626648Ki,69832078n,728348Ki,3999549747n,2680356Ki,60940571n,746332Ki,
500,27.164999961853027,1623494150.336,1623494177.501,c1319c40-6d31-4162-a0b4-f204991f278d,3,28547109n,673808Ki,36612281n,626648Ki,69832078n,728348Ki,3999549747n,2680356Ki,60940571n,746332Ki,
500,21.397000074386597,1623494156.337,1623494177.734,16ce348c-f93f-43a2-80b2-d59bf39b1c6e,3,28547109n,673808Ki,36612281n,626648Ki,69832078n,728348Ki,3999549747n,2680356Ki,60940571n,746332Ki,
500,24.454999923706055,1623494153.335,1623494177.79,40bb94d0-01a5-4c07-b834-483699add5c0,3,28547109n,673808Ki,36612281n,626648Ki,69832078n,728348Ki,3999549747n,2680356Ki,60940571n,746332Ki,
500,43.990999937057495,1623494134.414,1623494178.405,dd15b730-0c42-4e94-9e1a-dbf8dfb791e7,3,28547109n,673808Ki,36612281n,626648Ki,69832078n,728348Ki,3999549747n,2680356Ki,60940571n,746332Ki,
500,39.16699981689453,1623494139.331,1623494178.498,704926ef-38a4-41be-9936-d43c80ddd7ba,3,28547109n,673808Ki,36612281n,626648Ki,69832078n,728348Ki,3999549747n,2680356Ki,60940571n,746332Ki,
500,34.35599994659424,1623494144.335,1623494178.691,e79efb1b-53f7-4ef7-a829-8b97e40caf8e,3,28547109n,673808Ki,36612281n,626648Ki,69832078n,728348Ki,3999549747n,2680356Ki,60940571n,746332Ki,
500,41.664000034332275,1623494137.349,1623494179.013,4e68d2b5-cbdc-4620-a8a2-7784f5382899,3,28547109n,673808Ki,36612281n,626648Ki,69832078n,728348Ki,3999549747n,2680356Ki,60940571n,746332Ki,
500,35.70799994468689,1623494143.336,1623494179.044,0cb0e806-edda-46a1-82e4-4bb3ed5c75b1,3,28547109n,673808Ki,36612281n,626648Ki,69832078n,728348Ki,3999549747n,2680356Ki,60940571n,746332Ki,
200,4.553000211715698,1623494183.337,1623494187.89,e006a1ca-6985-4467-b85a-7a4466d426c8,3,28547109n,673808Ki,36612281n,626648Ki,69832078n,728348Ki,3999549747n,2680356Ki,60940571n,746332Ki,
200,4.825999975204468,1623494193.34,1623494198.166,cd5f206a-acb5-4c82-9744-87602eaa8d2d,3,28547109n,673808Ki,36612281n,626648Ki,69832078n,728348Ki,3999549747n,2680356Ki,60940571n,746332Ki,
200,5.700999975204468,1623494203.339,1623494209.04,356eaeb5-fccd-4e65-84ef-bd708c8b91ea,3,28547109n,673808Ki,36612281n,626648Ki,69832078n,728348Ki,3999549747n,2680356Ki,60940571n,746332Ki,
200,4.653000116348267,1623494213.337,1623494217.99,9cfca7c6-8b85-4016-b5d2-1be1c6a2d650,3,28547109n,673808Ki,36612281n,626648Ki,69832078n,728348Ki,3999549747n,2680356Ki,60940571n,746332Ki,
200,4.978000164031982,1623494223.337,1623494228.315,450d04c2-2c8d-415e-9ba3-0b08507d0cbe,3,28547109n,673808Ki,36612281n,626648Ki,69832078n,728348Ki,3999549747n,2680356Ki,60940571n,746332Ki,
200,4.5329999923706055,1623494233.337,1623494237.87,26aeb397-8d8d-4dd2-b5f0-4fa40329e9a3,3,31957928n,674976Ki,28404940n,627540Ki,106511037n,731492Ki,538815525n,780912Ki,51027265n,746636Ki,
200,4.625,1623494243.338,1623494247.963,45cdb16e-6a66-4142-84de-acdac638ef3b,3,31957928n,674976Ki,28404940n,627540Ki,106511037n,731492Ki,538815525n,780912Ki,51027265n,746636Ki,
200,4.946000099182129,1623494253.337,1623494258.283,4f858056-5c54-442f-bd50-0489224c82cc,3,31957928n,674976Ki,28404940n,627540Ki,106511037n,731492Ki,538815525n,780912Ki,51027265n,746636Ki,
200,4.711000204086304,1623494263.337,1623494268.048,916ec226-3f23-4536-b11b-d8c6feccb3f0,3,31957928n,674976Ki,28404940n,627540Ki,106511037n,731492Ki,538815525n,780912Ki,51027265n,746636Ki,
200,4.738000154495239,1623494273.337,1623494278.075,90e52630-171c-4e7b-873e-a24d0da6b895,3,31957928n,674976Ki,28404940n,627540Ki,106511037n,731492Ki,538815525n,780912Ki,51027265n,746636Ki,
200,4.873000144958496,1623494283.337,1623494288.21,146069c8-ae00-4d58-b779-3f55b9f33ca6,3,31957928n,674976Ki,28404940n,627540Ki,106511037n,731492Ki,538815525n,780912Ki,51027265n,746636Ki,
200,4.586999893188477,1623494293.338,1623494297.925,c93ace33-e9fc-4dd8-95a4-6ef4fc889c88,3,36826710n,675592Ki,28815646n,627528Ki,76050881n,732172Ki,537315287n,786244Ki,54159203n,746380Ki,
200,4.617000102996826,1623494303.339,1623494307.956,47d6dbc3-dff0-4e5f-bf70-f5732f47b08a,3,36826710n,675592Ki,28815646n,627528Ki,76050881n,732172Ki,537315287n,786244Ki,54159203n,746380Ki,
200,5.043999910354614,1623494313.339,1623494318.383,261dacef-d1c5-4c1b-a404-ff3938a5e974,3,36826710n,675592Ki,28815646n,627528Ki,76050881n,732172Ki,537315287n,786244Ki,54159203n,746380Ki,
200,4.562999963760376,1623494323.338,1623494327.901,274dadab-0178-4572-95a8-c6afa4802cd9,3,36826710n,675592Ki,28815646n,627528Ki,76050881n,732172Ki,537315287n,786244Ki,54159203n,746380Ki,
200,4.259000062942505,1623494333.337,1623494337.596,47fa2dad-765b-401a-89dc-8253c4befd7e,3,36826710n,675592Ki,28815646n,627528Ki,76050881n,732172Ki,537315287n,786244Ki,54159203n,746380Ki,
200,4.360000133514404,1623494343.337,1623494347.697,643f03cb-8734-4b76-8c69-2e974ff17383,3,36826710n,675592Ki,28815646n,627528Ki,76050881n,732172Ki,537315287n,786244Ki,54159203n,746380Ki,
200,4.406999826431274,1623494353.338,1623494357.745,9a814858-98eb-4d3c-bb1f-b4678de6c8b6,3,36813960n,677748Ki,31831304n,613Mi,74859387n,730656Ki,487167225n,700820Ki,55416701n,746292Ki,
200,4.424999952316284,1623494363.338,1623494367.763,6b7da60d-15e0-4fe4-a7e1-1af220f59c77,3,36813960n,677748Ki,31831304n,613Mi,74859387n,730656Ki,487167225n,700820Ki,55416701n,746292Ki,
200,4.325000047683716,1623494373.338,1623494377.663,9f22598c-ad22-4189-b266-a7fdb366363a,3,36813960n,677748Ki,31831304n,613Mi,74859387n,730656Ki,487167225n,700820Ki,55416701n,746292Ki,
200,4.200000047683716,1623494383.337,1623494387.537,feffffc1-6f2b-4eab-8382-aa2008fd5901,3,36813960n,677748Ki,31831304n,613Mi,74859387n,730656Ki,487167225n,700820Ki,55416701n,746292Ki,
200,4.182000160217285,1623494393.343,1623494397.525,d43993cf-2348-4b7c-b0c3-685a816d8885,3,36813960n,677748Ki,31831304n,613Mi,74859387n,730656Ki,487167225n,700820Ki,55416701n,746292Ki,
500,5.29200005531311,1623494403.34,1623494408.632,8776a4ea-e95f-48d9-82db-da148c5a19fd,3,33295379n,677456Ki,29270450n,627540Ki,109669770n,729272Ki,554157102n,788236Ki,54397424n,747896Ki,
200,4.3480000495910645,1623494413.337,1623494417.685,0309e3b4-f4e9-4ce9-a6cf-a5e1982ff43a,3,33295379n,677456Ki,29270450n,627540Ki,109669770n,729272Ki,554157102n,788236Ki,54397424n,747896Ki,
200,4.486999988555908,1623494423.337,1623494427.824,7bbdfe92-b13c-4c63-b765-d700a56f2d52,3,33295379n,677456Ki,29270450n,627540Ki,109669770n,729272Ki,554157102n,788236Ki,54397424n,747896Ki,
200,4.817000150680542,1623494433.337,1623494438.154,880ad895-698c-4a39-b881-cf8cdda9c23a,3,33295379n,677456Ki,29270450n,627540Ki,109669770n,729272Ki,554157102n,788236Ki,54397424n,747896Ki,
200,4.270000219345093,1623494443.337,1623494447.607,20c40c73-6615-4511-bd4e-f44c1e317520,3,33295379n,677456Ki,29270450n,627540Ki,109669770n,729272Ki,554157102n,788236Ki,54397424n,747896Ki,
200,4.430000066757202,1623494453.337,1623494457.767,c2d19ecd-2378-442a-b087-5ac080f4810c,3,33295379n,677456Ki,29270450n,627540Ki,109669770n,729272Ki,554157102n,788236Ki,54397424n,747896Ki,
200,4.5340001583099365,1623494463.337,1623494467.871,0c084820-cbd8-4001-a186-d701661ff9af,3,33295379n,677456Ki,29270450n,627540Ki,109669770n,729272Ki,554157102n,788236Ki,54397424n,747896Ki,
200,4.331000089645386,1623494473.337,1623494477.668,f9c3a8fb-796b-4ede-b445-fe5020abcaaf,3,28791380n,680048Ki,28085116n,628068Ki,93738007n,731152Ki,474950396n,699824Ki,51496226n,748096Ki,
200,4.311000108718872,1623494483.337,1623494487.648,f0c6b278-6346-4f0d-98d1-579bd17c1902,3,28791380n,680048Ki,28085116n,628068Ki,93738007n,731152Ki,474950396n,699824Ki,51496226n,748096Ki,
200,4.414000034332275,1623494493.337,1623494497.751,b36f3f07-ecf6-4720-b149-2940787b038c,3,28791380n,680048Ki,28085116n,628068Ki,93738007n,731152Ki,474950396n,699824Ki,51496226n,748096Ki,
200,4.561000108718872,1623494503.337,1623494507.898,14f59b7a-393c-41cf-812c-bf7c9dc0d0c6,3,28791380n,680048Ki,28085116n,628068Ki,93738007n,731152Ki,474950396n,699824Ki,51496226n,748096Ki,
200,4.318000078201294,1623494513.337,1623494517.655,2f009346-3d6d-48c5-b863-575b86aa38d7,3,28791380n,680048Ki,28085116n,628068Ki,93738007n,731152Ki,474950396n,699824Ki,51496226n,748096Ki,
200,4.531000137329102,1623494523.337,1623494527.868,5b9da48e-0864-477f-b127-a8566aa934a7,3,28791380n,680048Ki,28085116n,628068Ki,93738007n,731152Ki,474950396n,699824Ki,51496226n,748096Ki,
200,4.291000127792358,1623494533.337,1623494537.628,1d970f78-e29f-4b40-825f-d005ed44507c,3,31749109n,680248Ki,27950760n,628340Ki,98628378n,732884Ki,470116580n,702700Ki,57781689n,747928Ki,
200,4.17300009727478,1623494543.337,1623494547.51,9e4f38a9-aafd-46ae-9557-098ac8b66763,3,31749109n,680248Ki,27950760n,628340Ki,98628378n,732884Ki,470116580n,702700Ki,57781689n,747928Ki,
200,4.371000051498413,1623494553.337,1623494557.708,07214eee-47fa-4d65-80f2-3e19f9c4ec68,3,31749109n,680248Ki,27950760n,628340Ki,98628378n,732884Ki,470116580n,702700Ki,57781689n,747928Ki,
200,4.210000038146973,1623494563.337,1623494567.547,2e0ca4cc-7766-463d-9f29-368690e24ecd,3,31749109n,680248Ki,27950760n,628340Ki,98628378n,732884Ki,470116580n,702700Ki,57781689n,747928Ki,
200,4.188000202178955,1623494573.337,1623494577.525,41af52d4-c9b8-42b1-8b82-23a6a7822383,3,31749109n,680248Ki,27950760n,628340Ki,98628378n,732884Ki,470116580n,702700Ki,57781689n,747928Ki,
200,4.200000047683716,1623494583.337,1623494587.537,b4865772-122e-4252-b6d9-5aa7f6ebaaec,3,31749109n,680248Ki,27950760n,628340Ki,98628378n,732884Ki,470116580n,702700Ki,57781689n,747928Ki,
200,4.828000068664551,1623494593.337,1623494598.165,e86e2b29-c11a-441d-96aa-ca3160199cb9,3,30822440n,680496Ki,33401338n,628660Ki,83893131n,734404Ki,450933706n,703764Ki,55698799n,748468Ki,
200,4.503000020980835,1623494603.337,1623494607.84,9fcfb853-a780-4659-baa8-e7ceb7a7c717,3,30822440n,680496Ki,33401338n,628660Ki,83893131n,734404Ki,450933706n,703764Ki,55698799n,748468Ki,
200,4.198000192642212,1623494613.337,1623494617.535,dba7e109-a5ba-4a69-86e4-27bd56a1087c,3,30822440n,680496Ki,33401338n,628660Ki,83893131n,734404Ki,450933706n,703764Ki,55698799n,748468Ki,
200,4.134999990463257,1623494623.337,1623494627.472,5a01bf8c-4283-4e3b-b483-1d8e074872f6,3,30822440n,680496Ki,33401338n,628660Ki,83893131n,734404Ki,450933706n,703764Ki,55698799n,748468Ki,
200,4.328999996185303,1623494633.338,1623494637.667,42dddbec-518b-4bca-a56a-d019647b08b9,3,30822440n,680496Ki,33401338n,628660Ki,83893131n,734404Ki,450933706n,703764Ki,55698799n,748468Ki,
200,4.411999940872192,1623494643.339,1623494647.751,82701a4a-978f-4620-8abc-cdfb1b768f1e,3,30822440n,680496Ki,33401338n,628660Ki,83893131n,734404Ki,450933706n,703764Ki,55698799n,748468Ki,
200,4.1000001430511475,1623494653.337,1623494657.437,bb2c0dcf-b588-414b-bc42-199626af0f8e,3,29887169n,680328Ki,27061195n,629088Ki,97027166n,735696Ki,470382524n,704344Ki,52536052n,749064Ki,